name,url,abbr,source,
Administrative Tribunals Support Service of Canada,https://www.canada.ca/en/administrative-tribunals-support-service.html,ATSSC,canada.ca/dept.html,
Agriculture and Agri-Food Canada,https://agriculture.canada.ca/en,AAFC,canada.ca/dept.html,
Atlantic Canada Opportunities Agency,https://www.canada.ca/en/atlantic-canada-opportunities.html,ACOA,canada.ca/dept.html,
Atlantic Pilotage Authority Canada,https://www.atlanticpilotage.com/,APA,canada.ca/dept.html,
Atomic Energy of Canada Limited,https://www.aecl.ca/,AECL,canada.ca/dept.html,
Auditor General of Canada (Office of the),https://www.oag-bvg.gc.ca/internet/English/admin_e_41.html,OAG,canada.ca/dept.html,
Bank of Canada,http://www.bankofcanada.ca/,,canada.ca/dept.html,
Blue Water Bridge Canada,https://bluewaterbridge.ca/,BWB,canada.ca/dept.html,
Business Development Bank of Canada,https://www.bdc.ca/en,BDC,canada.ca/dept.html,
Canada Agricultural Review Tribunal,https://cart-crac.gc.ca/index-en.html,CART,canada.ca/dept.html,
Canada Agriculture and Food Museum,https://ingeniumcanada.org/agriculture,,canada.ca/dept.html,
Canada Aviation and Space Museum,https://ingeniumcanada.org/aviation,,canada.ca/dept.html,
Canada Border Services Agency,http://www.cbsa-asfc.gc.ca/menu-eng.html,CBSA,canada.ca/dept.html,
Canada Council for the Arts,https://canadacouncil.ca/,,canada.ca/dept.html,
Canada Deposit Insurance Corporation,https://www.cdic.ca/,CDIC,canada.ca/dept.html,
Canada Development Investment Corporation,https://cdev.gc.ca/,CDEV,canada.ca/dept.html,
Canada Economic Development for Quebec Regions,https://www.canada.ca/en/economic-development-quebec-regions.html,CED,canada.ca/dept.html,
Canada Employment Insurance Commission,https://www.canada.ca/en/employment-social-development/corporate/portfolio/ei-commission.html,CEIC,canada.ca/dept.html,
Canada Firearms Centre,https://rcmp.ca/en/firearms,CAFC,canada.ca/dept.html,
Canada Industrial Relations Board,https://www.cirb-ccri.gc.ca/en,CIRB,canada.ca/dept.html,
Canada Infrastructure Bank,https://cib-bic.ca/en/about-us/our-purpose/,CIB,canada.ca/dept.html,
Canada Lands Company Limited,https://www.clc-sic.ca/,CLC,canada.ca/dept.html,
Canada Mortgage and Housing Corporation,https://www.cmhc-schl.gc.ca/en,CMHC,canada.ca/dept.html,
Canada Pension Plan,https://www.canada.ca/en/services/benefits/publicpensions.html,CPP,canada.ca/dept.html,
Canada Pension Plan Investment Board,https://www.cppinvestments.com/,CPPIB,canada.ca/dept.html,
Canada Post,https://www.canadapost-postescanada.ca/cpc/en/home.page,CPC,canada.ca/dept.html,
Canada Research Chairs,https://www.chairs-chaires.gc.ca/home-accueil-eng.aspx,,canada.ca/dept.html,
Canada Revenue Agency,https://www.canada.ca/en/revenue-agency.html,CRA,canada.ca/dept.html,
Canada School of Public Service,https://www.csps-efpc.gc.ca/index-eng.aspx,CSPS,canada.ca/dept.html,
Accessibility Standards Canada,https://accessible.canada.ca,ASC,canada.ca/dept.html,
Canadian Air Transport Security Authority,https://www.catsa-acsta.gc.ca/en,CATSA,canada.ca/dept.html,
Canadian Army,https://www.canada.ca/en/army.html,CA,canada.ca/dept.html,
Canadian Centre for Occupational Health and Safety,http://www.ccohs.ca/,CCOHS,canada.ca/dept.html,
Canadian Coast Guard,https://www.ccg-gcc.gc.ca/index-eng.html,CCG,canada.ca/dept.html,
Canadian Commercial Corporation,http://www.ccc.ca/en,CCC,canada.ca/dept.html,
Canadian Conservation Institute,https://www.canada.ca/en/conservation-institute.html,CCI,canada.ca/dept.html,
Canadian Cultural Property Export Review Board,https://ccperb-cceebc.gc.ca/en/index-en.html,CCPERB,canada.ca/dept.html,
Canadian Dairy Commission,https://cdc-ccl.ca/en/node/672,CDC,canada.ca/dept.html,
Canada Energy Regulator,https://www.cer-rec.gc.ca/index-eng.html,CER,canada.ca/dept.html,
Chief Accessibility Officer (Office of the),https://www.canada.ca/en/employment-social-development/corporate/office-chief-accessibility-officer.html,OCAO,canada.ca/dept.html,
Impact Assessment Agency of Canada,https://www.canada.ca/en/impact-assessment-agency.html,IAAC,canada.ca/dept.html,
Canadian Food Inspection Agency,https://inspection.canada.ca/en,CFIA,canada.ca/dept.html,
Canadian Forces Housing Agency,https://www.canada.ca/en/department-national-defence/services/benefits-military/military-housing.html,CFHA,canada.ca/dept.html,
Canadian Grain Commission,https://www.grainscanada.gc.ca/en/,CGC,canada.ca/dept.html,
Canadian Heritage,https://www.canada.ca/en/canadian-heritage.html,PCH,canada.ca/dept.html,
Canadian Heritage Information Network,https://www.canada.ca/en/heritage-information-network.html,CHIN,canada.ca/dept.html,
Canadian Human Rights Commission,https://www.chrc-ccdp.gc.ca/,CHRC,canada.ca/dept.html,
Canadian Institutes of Health Research,https://www.cihr-irsc.gc.ca/e/193.html,CIHR,canada.ca/dept.html,
Canadian Intellectual Property Office,https://ised-isde.canada.ca/site/canadian-intellectual-property-office/en,CIPO,canada.ca/dept.html,
Canadian Intergovernmental Conference Secretariat,http://www.scics.ca/en/,CICS,canada.ca/dept.html,
Canadian International Trade Tribunal,https://www.citt-tcce.gc.ca/en/home.html,CITT,canada.ca/dept.html,
Canadian Judicial Council,https://cjc-ccm.ca/en,CJC,canada.ca/dept.html,
Canadian Museum for Human Rights,https://humanrights.ca/,CMHR,canada.ca/dept.html,
Canadian Museum of History,http://www.historymuseum.ca/,CMH,canada.ca/dept.html,
Canadian Museum of Immigration at Pier 21,http://www.pier21.ca/home,CMIP,canada.ca/dept.html,
Canadian Museum of Nature,http://nature.ca/en/home,CMN,canada.ca/dept.html,
Canadian Northern Economic Development Agency,http://www.cannor.gc.ca/eng/1351104567432/1351104589057,CanNor,canada.ca/dept.html,
Canadian Nuclear Safety Commission,http://www.nuclearsafety.gc.ca/eng/,CNSC,canada.ca/dept.html,
Canadian Pari-Mutuel Agency,https://agriculture.canada.ca/en/department/partners-agencies/canadian-pari-mutuel,CPMA,canada.ca/dept.html,
Canadian Police College,https://www.cpc-ccp.gc.ca/index-eng.htm,CPC,canada.ca/dept.html,
Canadian Race Relations Foundation,http://www.crrf-fcrr.ca/en/,CRRF,canada.ca/dept.html,
Canadian Radio-Television and Telecommunications Commission,http://www.crtc.gc.ca/eng/home-accueil.htm,CRTC,canada.ca/dept.html,
Canadian Security Intelligence Service,https://www.canada.ca/en/security-intelligence-service.html,CSIS,canada.ca/dept.html,
Canadian Space Agency,https://www.asc-csa.gc.ca/eng/,CSA,canada.ca/dept.html,
Canadian Special Operations Forces Command,https://www.canada.ca/en/special-operations-forces-command.html,CANSOFCOM,canada.ca/dept.html,
Destination Canada,https://www.destinationcanada.com/en,DC,canada.ca/dept.html,
Canadian Trade Commissioner Service,https://www.tradecommissioner.gc.ca/en.html,TCS,canada.ca/dept.html,
Canadian Transportation Agency,https://www.canada.ca/en/transportation-agency.html,CTA,canada.ca/dept.html,
Canadian War Museum,http://www.warmuseum.ca/,,canada.ca/dept.html,
CBC/Radio-Canada,http://www.cbc.radio-canada.ca/en/,CBC,canada.ca/dept.html,
Civilian Review and Complaints Commission for the RCMP,https://www.crcc-ccetp.gc.ca/en,CRCC,canada.ca/dept.html,
Commissioner for Federal Judicial Affairs Canada (Office of the),http://www.fja.gc.ca/home-accueil/index-eng.html,FJA,canada.ca/dept.html,
Commissioner of Lobbying of Canada (Office of the),https://lobbycanada.gc.ca/en/,OCL,canada.ca/dept.html,
Commissioner of Official Languages (Office of the),https://www.clo-ocol.gc.ca/en,OCOL,canada.ca/dept.html,
Communications Research Centre Canada,https://ised-isde.canada.ca/site/communications-research-centre-canada/en,CRC,canada.ca/dept.html,
Communications Security Establishment Canada,https://www.cse-cst.gc.ca/en,CSE,canada.ca/dept.html,
Competition Bureau Canada,https://competition-bureau.canada.ca/,COBU,canada.ca/dept.html,
Competition Tribunal,https://www.ct-tc.gc.ca/en/home.html,,canada.ca/dept.html,
Conflict of Interest and Ethics Commissioner (Office of the),https://ciec-ccie.parl.gc.ca/EN/Pages/default.aspx,OCIEC,canada.ca/dept.html,
Copyright Board Canada,https://www.cb-cda.gc.ca/en,CB,canada.ca/dept.html,
CORCAN,https://www.canada.ca/en/correctional-service/programs/corcan.html,,canada.ca/dept.html,
Correctional Investigator (Office of the),https://oci-bec.gc.ca/en,OCI,canada.ca/dept.html,
Correctional Service Canada,https://www.canada.ca/en/correctional-service.html,CSC,canada.ca/dept.html,
Courts Administration Service,http://www.cas-satj.gc.ca/en/home.shtml,CAS,canada.ca/dept.html,
Court Martial Appeal Court of Canada,https://www.cmac-cacm.ca/en/home,CMAC,canada.ca/dept.html,
Crown-Indigenous Relations and Northern Affairs Canada,https://www.canada.ca/en/crown-indigenous-relations-northern-affairs.html,CIRNAC,canada.ca/dept.html,
Bank of Canada Museum,http://www.bankofcanadamuseum.ca/,,canada.ca/dept.html,
Defence Construction Canada,https://www.dcc-cdc.gc.ca/,DCC,canada.ca/dept.html,
Defence Investment Agency,https://www.canada.ca/en/defence-investment-agency.html,DIA,canada.ca/dept.html,
Defence Research and Development Canada,https://www.canada.ca/en/defence-research-development.html,DRDC,canada.ca/dept.html,
Democratic Institutions,https://www.canada.ca/en/democratic-institutions.html,,canada.ca/dept.html,
Digital Museums Canada,https://www.digitalmuseums.ca/,DMC,canada.ca/dept.html,
Environmental Protection Tribunal of Canada,https://www.eptc-tpec.gc.ca/en/index.html,EPTC,canada.ca/dept.html,
Elections Canada,http://www.elections.ca/home.aspx,Elections,canada.ca/dept.html,
Employment and Social Development Canada,https://www.canada.ca/en/employment-social-development.html,ESDC,canada.ca/dept.html,
Environment and Climate Change Canada,https://www.canada.ca/en/environment-climate-change.html,ECCC,canada.ca/dept.html,
Environmental Protection Review Canada,https://www.canada.ca/en/environment-climate-change/services/canadian-environmental-protection-act-registry/review.html,EPRC,canada.ca/dept.html,
Export Development Canada,https://www.edc.ca/,EDC,canada.ca/dept.html,
Farm Credit Canada,https://www.fcc-fac.ca/en.html,FCC,canada.ca/dept.html,
Farm Products Council of Canada,https://www.canada.ca/en/farm-products-council.html,FPCC,canada.ca/dept.html,
Federal Bridge Corporation,http://www.federalbridge.ca/,FBCL,canada.ca/dept.html,
Federal Court of Appeal,https://www.fca-caf.ca/en/home,FCA,canada.ca/dept.html,
Federal Court of Canada,https://www.fct-cf.gc.ca/en/home,FC,canada.ca/dept.html,
Federal Economic Development Agency for Southern Ontario,https://feddev-ontario.canada.ca/en,FedDev Ontario,canada.ca/dept.html,
Federal Ombudsperson for Victims Of Crime (Office of the),https://www.canada.ca/en/office-federal-ombudsperson-victims-crime.html,OFOVC,canada.ca/dept.html,
Federal Economic Development Agency for Northern Ontario,https://fednor.canada.ca/en,FedNor,canada.ca/dept.html,
Finance Canada (Department of),https://www.canada.ca/en/department-finance.html,FIN,canada.ca/dept.html,
Financial Consumer Agency of Canada,https://www.canada.ca/en/financial-consumer-agency.html,FCAC,canada.ca/dept.html,
Financial Transactions and Reports Analysis Centre of Canada,https://fintrac-canafe.canada.ca/intro-eng,FINTRAC,canada.ca/dept.html,
Fisheries and Oceans Canada,http://www.dfo-mpo.gc.ca/index-eng.htm,DFO,canada.ca/dept.html,
Freshwater Fish Marketing Corporation,http://www.freshwaterfish.com/,FFMC,canada.ca/dept.html,
Global Affairs Canada,https://international.canada.ca/en/global-affairs,GAC,canada.ca/dept.html,
Governor General of Canada,https://www.gg.ca/en/,OSGG,canada.ca/dept.html,
Great Lakes Pilotage Authority Canada,https://www.glpa-apgl.com/,GLPA,canada.ca/dept.html,
Health Canada,https://www.canada.ca/en/health-canada.html,HC,canada.ca/dept.html,
Historic Sites and Monuments Board of Canada,https://parks.canada.ca/culture/designation,HSMBC,canada.ca/dept.html,
Canadian Human Rights Tribunal,https://www.chrt-tcdp.gc.ca/en,CHRT,canada.ca/dept.html,
Intelligence Commissoner (Office of the),https://www.canada.ca/en/intelligence-commissioner.html,,canada.ca/dept.html,
Immigration and Refugee Board of Canada,https://www.canada.ca/en/immigration-refugee.html,IRB,canada.ca/dept.html,
"Immigration, Refugees and Citizenship Canada",https://www.canada.ca/en/immigration-refugees-citizenship.html?_ga=2.154721784.1999166723.1511794548-2057276988.1508789311,IRCC,canada.ca/dept.html,
Impact Canada,https://impact.canada.ca/en,,canada.ca/dept.html,
Independent Review Panel for Defence Acquisition,https://www.canada.ca/en/independent-review-panel-defence-acquisition.html,IRPDA,canada.ca/dept.html,
Indian Oil and Gas Canada,http://www.pgic-iogc.gc.ca/eng/1100110010002/1100110010005,,canada.ca/dept.html,
Indigenous Services Canada,https://www.canada.ca/en/indigenous-services-canada.html,ISC,canada.ca/dept.html,
Industrial Technologies Office,https://ised-isde.canada.ca/site/industrial-technologies-office/en,ITO,canada.ca/dept.html,
Information Commissioner (Office of the),https://www.oic-ci.gc.ca/en,OIC,canada.ca/dept.html,
"Housing, Infrastructure and Communities Canada",https://housing-infrastructure.canada.ca/index-eng.html,HICC,canada.ca/dept.html,
"Innovation, Science and Economic Development Canada",https://ised-isde.canada.ca/site/ised/en,ISED,canada.ca/dept.html,
Intergovernmental Affairs,https://www.canada.ca/en/intergovernmental-affairs.html,IGA,canada.ca/dept.html,
International Development Research Centre,https://idrc-crdi.ca/en,IDRC,canada.ca/dept.html,
Jacques Cartier and Champlain Bridges,https://jacquescartierchamplain.ca/en/,JCCBI,canada.ca/dept.html,
Judicial Compensation and Benefits Commission,http://quadcom.gc.ca/pg_JcJc_QC_01-eng.php,,canada.ca/dept.html,
Justice Canada (Department of),https://www.justice.gc.ca/eng/,JUS,canada.ca/dept.html,
Labour Program,https://www.canada.ca/en/employment-social-development/corporate/portfolio/labour.html,,canada.ca/dept.html,
Laurentian Pilotage Authority Canada,http://www.pilotagestlaurent.gc.ca/en/index.html,LPA,canada.ca/dept.html,
Law Commission of Canada,https://www.canada.ca/en/law-commission-canada.html,LCC,canada.ca/dept.html,
Leader of the Government in the House of Commons,https://www.canada.ca/en/leader-government-house-commons.html,,canada.ca/dept.html,
Library and Archives Canada,https://www.canada.ca/en/library-archives.html,LAC,canada.ca/dept.html,
Management Advisory Board for the RCMP,https://www.canada.ca/en/management-advisory-board-rcmp.html,MAB,canada.ca/dept.html,
Marine Atlantic,http://www.marineatlantic.ca/en/,MarineAtlantic,canada.ca/dept.html,
Measurement Canada,https://ised-isde.canada.ca/site/measurement-canada/en,MC,canada.ca/dept.html,
Military Grievances External Review Committee,https://www.canada.ca/en/military-grievances-external-review.html,MGERC,canada.ca/dept.html,
Military Police Complaints Commission of Canada,https://www.canada.ca/en/military-police-complaints.html,MPCC,canada.ca/dept.html,
National Arts Centre,http://nac-cna.ca/en/,NAC,canada.ca/dept.html,
National Battlefields Commission,https://www.canada.ca/en/national-battlefields-commission.html,NBC,canada.ca/dept.html,
National Capital Commission,http://www.ncc-ccn.gc.ca/,NCC,canada.ca/dept.html,
National Defence,https://www.canada.ca/en/department-national-defence.html,DND,canada.ca/dept.html,
National Security and Intelligence Review Agency,https://nsira-ossnr.gc.ca/en/home/,NSIRA,canada.ca/dept.html,
Ombudsman for the Department of National Defence and the Canadian Armed Forces (Office of the),https://www.canada.ca/en/ombudsman-national-defence-forces.html,,canada.ca/dept.html,
National Film Board,https://www.canada.ca/en/national-film-board.html,NFB,canada.ca/dept.html,
National Gallery of Canada,http://www.gallery.ca/,NGC,canada.ca/dept.html,
Canada Science and Technology Museum,https://ingeniumcanada.org/scitech,,canada.ca/dept.html,
National Research Council Canada,https://nrc.canada.ca/en,NRC,canada.ca/dept.html,
Natural Resources Canada,https://natural-resources.canada.ca/home,NRCan,canada.ca/dept.html,
National Seniors Council,https://www.canada.ca/en/national-seniors-council.html,,canada.ca/dept.html,
Natural Sciences and Engineering Research Canada,https://www.nserc-crsng.gc.ca/index_eng.asp,NSERC,canada.ca/dept.html,
Northern Pipeline Agency Canada,https://www.canada.ca/en/northern-pipeline-agency.html,NPA,canada.ca/dept.html,
Occupational Health and Safety Tribunal Canada,https://www.canada.ca/en/occupational-health-and-safety-tribunal-canada.html,OHSTC,canada.ca/dept.html,
Chief Military Judge (Office of the),https://www.canada.ca/en/chief-military-judge.html,OCMJ,canada.ca/dept.html,
Pacific Economic Development Canada,https://www.canada.ca/en/pacific-economic-development.html,PacifiCan,canada.ca/dept.html,
Pacific Pilotage Authority Canada,https://ppa.gc.ca/,PPA,canada.ca/dept.html,
Parks Canada,https://parks.canada.ca/index,PC,canada.ca/dept.html,
Parole Board of Canada,https://www.canada.ca/en/parole-board.html,PBC,canada.ca/dept.html,
Parliament of Canada,http://www.parl.ca/?Language=E,,canada.ca/dept.html,
Passport Program,https://www.canada.ca/en/immigration-refugees-citizenship/services/canadian-passports.html,PASSPORT,canada.ca/dept.html,
Patented Medicine Prices Review Board Canada,https://www.canada.ca/en/patented-medicine-prices-review.html,PMPRB,canada.ca/dept.html,
Polar Knowledge Canada,https://www.canada.ca/en/polar-knowledge.html,POLAR,canada.ca/dept.html,
Prairies Economic Development Canada,https://www.canada.ca/en/prairies-economic-development.html,PrairiesCan,canada.ca/dept.html,
Prime Minister of Canada,http://pm.gc.ca/eng,,canada.ca/dept.html,
Privacy Commissioner of Canada (Office of the),https://www.priv.gc.ca/en/,OPC,canada.ca/dept.html,
Privy Council Office,https://www.canada.ca/en/privy-council.html,PCO,canada.ca/dept.html,
Procurement Ombud (Office of the),https://www.canada.ca/en/procurement-ombudsman.html,OPO,canada.ca/dept.html,
Public Health Agency of Canada,https://www.canada.ca/en/public-health.html,PHAC,canada.ca/dept.html,
Public Prosecution Service of Canada,http://www.ppsc-sppc.gc.ca/eng/index.html,PPSC,canada.ca/dept.html,
Public Safety Canada,https://www.publicsafety.gc.ca/index-en.aspx,PS,canada.ca/dept.html,
Public Sector Integrity Commissioner of Canada (Office of the),https://psic-ispc.gc.ca/,PSIC,canada.ca/dept.html,
Public Sector Pension Investment Board,https://www.investpsp.com/en/,PSP Investments,canada.ca/dept.html,
Public Servants Disclosure Protection Tribunal Canada,https://www.psdpt-tpfd.gc.ca/home-en.html,PSDPTC,canada.ca/dept.html,
Public Service Commission of Canada,https://www.canada.ca/en/public-service-commission.html,PSC,canada.ca/dept.html,
Public Service Labour Relations and Employment Board,https://pslreb-crtefp.gc.ca/en/,PSLREB,canada.ca/dept.html,
Public Services and Procurement Canada,https://www.canada.ca/en/public-services-procurement.html,PSPC,canada.ca/dept.html,
Registry of the Specific Claims Tribunal of Canada,https://www.sct-trp.ca/,SCT,canada.ca/dept.html,
Royal Canadian Air Force,https://www.canada.ca/en/air-force.html,RCAF,canada.ca/dept.html,
Royal Canadian Mint,https://www.mint.ca/en,Mint,canada.ca/dept.html,
Royal Canadian Mounted Police,https://rcmp.ca/en,RCMP,canada.ca/dept.html,
Royal Canadian Mounted Police External Review Committee,https://www.canada.ca/en/rcmp-external-review-committee.html,ERC,canada.ca/dept.html,
Royal Canadian Navy,https://www.canada.ca/en/navy.html,RCN,canada.ca/dept.html,
Royal Military College of Canada,https://www.rmc-cmr.ca/en,RMCC,canada.ca/dept.html,
Secretariat of the National Security and Intelligence Committee of Parliamentarians,https://www.canada.ca/en/secretariat-national-security-intelligence-committee-parliamentarians.html,NSICOP,canada.ca/dept.html,
Service Canada,https://www.canada.ca/en/employment-social-development/corporate/portfolio/service-canada.html,ServCan,canada.ca/dept.html,
Shared Services Canada,https://www.canada.ca/en/shared-services.html,SSC,canada.ca/dept.html,
Social Sciences and Humanities Research Council of Canada,https://www.sshrc-crsh.gc.ca/home-accueil-eng.aspx,SSHRC,canada.ca/dept.html,
Social Security Tribunal of Canada,https://sst-tss.gc.ca/en,SST,canada.ca/dept.html,
Standards Council of Canada,https://scc-ccn.ca/,SCC-CCN,canada.ca/dept.html,
Statistics Canada,https://www.statcan.gc.ca/eng/start,StatCan,canada.ca/dept.html,
Women and Gender Equality Canada,https://www.canada.ca/en/women-gender-equality.html,WAGE,canada.ca/dept.html,
Superintendent of Bankruptcy Canada (Office of the),https://ised-isde.canada.ca/site/office-superintendent-bankruptcy/en,OSB,canada.ca/dept.html,
Superintendent of Financial Institutions Canada (Office of the),https://www.osfi-bsif.gc.ca/en,OSFI,canada.ca/dept.html,
Supreme Court of Canada,http://www.scc-csc.ca/home-accueil/index-eng.aspx,SCC,canada.ca/dept.html,
Tax Court of Canada,https://www.tcc-cci.gc.ca/en/home,TCC,canada.ca/dept.html,
Taxpayers' Ombudsperson (Office of the),https://www.canada.ca/en/taxpayers-ombudsperson.html,OTO,canada.ca/dept.html,
Telefilm Canada,http://www.telefilm.ca/en/?q=en,,canada.ca/dept.html,
Translation Bureau,https://www.canada.ca/en/translation-bureau.html,,canada.ca/dept.html,
Transport Canada,https://tc.canada.ca/en,TC,canada.ca/dept.html,
Transportation Appeal Tribunal of Canada,https://www.tatc.gc.ca/en/home.html,TATC,canada.ca/dept.html,
Transportation Safety Board of Canada,https://www.canada.ca/en/transportation-safety-board.html,TSB,canada.ca/dept.html,
Treasury Board of Canada Secretariat,https://www.canada.ca/en/treasury-board-secretariat.html,TBS,canada.ca/dept.html,
Veterans Affairs Canada,https://www.veterans.gc.ca/eng,VAC,canada.ca/dept.html,
Veterans' Ombudsman (Office of the),https://ombudsman-veterans.gc.ca/en,,canada.ca/dept.html,
Veterans Review and Appeal Board,https://vrab-tacra.gc.ca/en,VRAB,canada.ca/dept.html,
VIA Rail Canada,http://www.viarail.ca/en,VIA Rail,canada.ca/dept.html,
Windsor-Detroit Bridge Authority,https://www.gordiehoweinternationalbridge.com/en,WDBA,canada.ca/dept.html,
Youth,https://www.canada.ca/en/youth.html,YOUTH,canada.ca/dept.html,
Canada Water Agency,https://www.canada.ca/en/canada-water-agency.html,CWA,canada.ca/dept.html,
Administrative Tribunals Support Services of Canada,https://www.canada.ca/en/administrative-tribunals-support-service/transparency/info-source.html,A,tbs:info-source:list-institutions,
Agriculture and Agri-Food Canada,http://agriculture.canada.ca/eng/about-us/offices-and-locations/access-to-information-and-privacy-services/info-source-2016/?id=1347308413430,A,tbs:info-source:list-institutions,
Asia Pacific Foundation of Canada,https://www.asiapacific.ca/about-us/transparency/info-source,A,tbs:info-source:list-institutions,
Atlantic Canada Opportunities Agency,https://www.canada.ca/en/atlantic-canada-opportunities/corporate/transparency/infosourceintroduction.html,A,tbs:info-source:list-institutions,
Atlantic Pilotage Authority,https://www.atlanticpilotage.com/reports/access-to-information-and-privacy/info-source/,A,tbs:info-source:list-institutions,
Atomic Energy of Canada Limited,https://www.aecl.ca/access-to-information-and-privacy-acts/info-source/,A,tbs:info-source:list-institutions,
Bank of Canada,http://www.bankofcanada.ca/about/contact-information/atip/info-source/,B,tbs:info-source:list-institutions,
Belledune Port Authority,http://www.portofbelledune.ca/infoSource.php,B,tbs:info-source:list-institutions,
British Columbia Treaty Commission,https://www.canada.ca/en/treasury-board-secretariat/services/access-information-privacy/access-information/information-about-programs-information-holdings/british-columbia-treaty-commission.html,B,tbs:info-source:list-institutions,
Business Development Bank of Canada,http://www.bdc.ca/en/transparency/Pages/infosource.aspx,B,tbs:info-source:list-institutions,
Canada Border Services Agency,http://www.cbsa-asfc.gc.ca/agency-agence/reports-rapports/pia-efvp/atip-aiprp/infosource-eng.html,C,tbs:info-source:list-institutions,
Canada Council for the Arts,http://canadacouncil.ca/about/public-accountability/info-source,C,tbs:info-source:list-institutions,
Canada Deposit Insurance Corporation,http://www.cdic.ca/en/about-cdic/policies-reports/atip/Pages/infosource.aspx,C,tbs:info-source:list-institutions,
Canada Development Investment Corporation,https://www.cdev.gc.ca/info-source/canada-development-investment-corporation/,C,tbs:info-source:list-institutions,
Canada Eldor Inc.,https://www.cdev.gc.ca/info-source/canada-eldor-inc/,C,tbs:info-source:list-institutions,
Canada Hibernia Holding Corporation,https://www.cdev.gc.ca/info-source/canada-hibernia-holding-corporation/,C,tbs:info-source:list-institutions,
Canada TMP Finance Ltd.,https://www.cdev.gc.ca/info-source/,C,tbs:info-source:list-institutions,
Canada Economic Development for Quebec Regions,http://www.dec-ced.gc.ca/eng/disclosure/info-source/index.html,C,tbs:info-source:list-institutions,
Canada Energy Regulator,https://www.cer-rec.gc.ca/en/about/open-government/transparency/completed-access-information-requests/info-source.html,C,tbs:info-source:list-institutions,
Canada Foundation for Innovation,https://www.innovation.ca/access-information-privacy/information-holdings,C,tbs:info-source:list-institutions,
Canada Infrastructure Bank,https://cdn.cib-bic.ca/files/Governance/Info-Source-CIB-2021.pdf,C,tbs:info-source:list-institutions,
Canada Lands Company Limited,https://www.clc-sic.ca/info-source,C,tbs:info-source:list-institutions,
Canada Lands Company CLC Limited,http://en.clc.ca/info-source,C,tbs:info-source:list-institutions,
Old Port of Montreal Corporation Inc,https://www.oldportcorporation.com/sites/default/files/inline-files/opmc-infosource-updated-2020.pdf,C,tbs:info-source:list-institutions,
Parc Downsview Park Inc.,https://en.downsviewpark.ca/reporting,C,tbs:info-source:list-institutions,
Canada Mortgage and Housing Corporation,https://assets.cmhc-schl.gc.ca/sites/cmhc/about-cmhc/corporate-reporting/transparency/access-to-information-and-privacy-protection/info-source-2021-en.pdf?rev=142d8e70-828e-48ef-8df7-f8f3098fbe4c,C,tbs:info-source:list-institutions,
Canada Post,https://www.canadapost.ca/cpc/en/our-company/about-us/transparency-and-trust/access-to-information.page,C,tbs:info-source:list-institutions,
Canada Revenue Agency,https://www.canada.ca/en/revenue-agency/corporate/about-canada-revenue-agency-cra/access-information-privacy-canada-revenue-agency/information-programs-information-holdings-sources-federal-government-employee-information.html,C,tbs:info-source:list-institutions,
Canada School of Public Service,https://csps-efpc.gc.ca/About_Us/currentreport/programs-holdings-eng.aspx,C,tbs:info-source:list-institutions,
Canada-Newfoundland and Labrador Offshore Petroleum Board,https://www.cnlopb.ca/information/infosource/,C,tbs:info-source:list-institutions,
Canada-Nova Scotia Offshore Petroleum Board,https://www.cnsopb.ns.ca/sites/default/files/resource/infosource_self_publishing_eng.pdf,C,tbs:info-source:list-institutions,
Canadian Air Transport Security Authority,https://www.catsa-acsta.gc.ca/sites/default/files/2021_infosourcechapter.pdf,C,tbs:info-source:list-institutions,
Canadian Broadcasting Corporation,https://cbc.radio-canada.ca/en/impact-and-accountability/access-to-information/infosource,C,tbs:info-source:list-institutions,
Canadian Centre for Occupational Health and Safety,http://www.ccohs.ca/ccohs/reports/transparency.html,C,tbs:info-source:list-institutions,
Canadian Commercial Corporation,https://www.ccc.ca/wp-content/uploads/2021/12/InfoSource-2021-FINAL_EN.pdf,C,tbs:info-source:list-institutions,
Canadian Dairy Commission,http://www.cdc-ccl.gc.ca/CDC/index-eng.php?id=4141,C,tbs:info-source:list-institutions,
Canadian Food Inspection Agency,http://www.inspection.gc.ca/about-the-cfia/accountability/other-activities/atip/info-source/eng/1388355218800/1388355393470,C,tbs:info-source:list-institutions,
Canadian Grain Commission,https://www.grainscanada.gc.ca/en/transparency/info/info-eng.html,C,tbs:info-source:list-institutions,
Canadian Heritage,https://www.canada.ca/en/canadian-heritage/corporate/publications/general-publications/information-programs-holdings.html,C,tbs:info-source:list-institutions,
Canadian Human Rights Commission,https://www.chrc-ccdp.gc.ca/sites/default/files/2022-09/OTTAWAITI7-%233111281-v1-Info_Source__Sources_of_Federal_Government_and_Employee_Information_2022_FINAL.pdf,C,tbs:info-source:list-institutions,
Canadian Institutes of Health Research,http://www.cihr-irsc.gc.ca/e/47695.html,C,tbs:info-source:list-institutions,
Canadian Museum for Human Rights,https://humanrights.ca/about/transparency/access-information-and-privacy/info-source,C,tbs:info-source:list-institutions,
Canadian Museum of History and Canadian War Museum,https://www.historymuseum.ca/about/the-corporation/corporate-reports/access-information-privacy/#info-source,C,tbs:info-source:list-institutions,
Canadian Museum of Immigration at Pier 21,https://pier21.ca/sites/default/files/corporate-reports/2019_Info_Source_EN.pdf,C,tbs:info-source:list-institutions,
Canadian Museum of Nature,https://nature.ca/en/about-the-museum/governance/corporate-reports/transparency-and-accountability/,C,tbs:info-source:list-institutions,
Canadian Northern Economic Development Agency,http://www.cannor.gc.ca/eng/1395919965310/1395920043963,C,tbs:info-source:list-institutions,
Canadian Nuclear Safety Commission,http://www.nuclearsafety.gc.ca/eng/resources/publications/reports/access-to-information-and-privacy/info-source/index.cfm,C,tbs:info-source:list-institutions,
Canadian Race Relations Foundation,http://www.crrf-fcrr.ca/en/infosource2,C,tbs:info-source:list-institutions,
Canadian Radio-television and Telecommunications Commission,http://www.crtc.gc.ca/eng/about/sources.htm,C,tbs:info-source:list-institutions,
Canadian Security Intelligence Service,https://www.canada.ca/en/security-intelligence-service/corporate/transparency/access-to-information-and-privacy/info-source.html,C,tbs:info-source:list-institutions,
Canadian Space Agency,http://asc-csa.gc.ca/eng/transparency/aipa/info-source.asp,C,tbs:info-source:list-institutions,
Canadian Transportation Agency,https://www.otc-cta.gc.ca/eng/publication/sources-federal-government-and-employee-information,C,tbs:info-source:list-institutions,
Civilian Review and Complaints Commission for the RCMP,http://www.crcc-ccetp.gc.ca/en/info-source-sources-federal-government-and-employee-information,C,tbs:info-source:list-institutions,
Communications Security Establishment Canada,https://www.cse-cst.gc.ca/en/transparency-transparence/atip-aiprp/infosource,C,tbs:info-source:list-institutions,
Copyright Board of Canada,https://cb-cda.gc.ca/en/transparency/access-to-information-and-privacy-acts/how-to-file-a-request,C,tbs:info-source:list-institutions,
Correctional Service of Canada,https://www.csc-scc.gc.ca/info-source/index-en.shtml,C,tbs:info-source:list-institutions,
Crown Indigenous and Northern Affairs Canada,https://www.rcaanc-cirnac.gc.ca/eng/1638307261809/1638307285229,C,tbs:info-source:list-institutions,
Defence Construction Canada,https://www.dcc-cdc.gc.ca/documents/reports/Info_Source_E.pdf,D,tbs:info-source:list-institutions,
Department of Finance Canada,https://www.canada.ca/en/department-finance/corporate/transparency/access-information-privacy/info-source.html,D,tbs:info-source:list-institutions,
Department of Justice Canada,https://www.justice.gc.ca/eng/trans/atip-aiprp/infosource/toc-tdm.html,D,tbs:info-source:list-institutions,
Elections Canada,http://www.elections.ca/content.aspx?section=abo&dir=atip/info&document=index&lang=e,E,tbs:info-source:list-institutions,
Employment and Social Development Canada,https://www.canada.ca/en/employment-social-development/corporate/transparency/access-information/reports/infosource.html,E,tbs:info-source:list-institutions,
Environment and Climate Change Canada,https://www.canada.ca/en/environment-climate-change/corporate/transparency/access-information-privacy/info-source.html,E,tbs:info-source:list-institutions,
Export Development Canada,https://www.edc.ca/en/about-us/corporate/disclosure/info-source.html,E,tbs:info-source:list-institutions,
Farm Credit Canada,https://www.fcc-fac.ca/en/about-fcc/governance/transparency/info-source.html,F,tbs:info-source:list-institutions,
Farm Products Council of Canada,http://fpcc-cpac.gc.ca/index.php/en-GB/proactive-disclosures,F,tbs:info-source:list-institutions,
"Federal Bridge Corporation Limited, The",https://www.federalbridge.ca/transparency/info-source-sources-of-federal-government-and-employee-information/,F,tbs:info-source:list-institutions,
Federal Economic Development Agency for Southern Ontario,http://www.feddevontario.gc.ca/eic/site/723.nsf/eng/01754.html,F,tbs:info-source:list-institutions,
Federal Public Service Health Care Plan Administration Authority,http://www.pshcp.ca/about-the-pshcp/atip/infosourceen.aspx,F,tbs:info-source:list-institutions,
Financial Consumer Agency of Canada,https://www.canada.ca/en/financial-consumer-agency/corporate/transparency/infosource.html,F,tbs:info-source:list-institutions,
Financial Transactions and Reports Analysis Centre of Canada,http://www.fintrac-canafe.gc.ca/atip-aiprp/infosource-eng.asp,F,tbs:info-source:list-institutions,
First Nations Financial Management Board,https://fnfmb.com/en/privacy-and-disclosure/info-source,F,tbs:info-source:list-institutions,
First Nations Tax Commission,http://fntc.ca/access-and-privacy/,F,tbs:info-source:list-institutions,
Fisheries and Oceans Canada,https://www.dfo-mpo.gc.ca/transparency-transparence/atip-aiprp/infosource/index-eng.html,F,tbs:info-source:list-institutions,
Freshwater Fish Marketing Corporation,http://www.freshwaterfish.com/content/pages/introduction-info-source,F,tbs:info-source:list-institutions,
Fund for Railway Accidents Involving Designated Goods,https://fraidg.gc.ca/en/info-source-2/,F,tbs:info-source:list-institutions,
Global Affairs Canada,https://www.international.gc.ca/transparency-transparence/infosource/index.aspx?lang=eng,G,tbs:info-source:list-institutions,
Great Lakes Pilotage Authority,https://www.glpa-apgl.com/reports/information-sources/information-source-2013-eng.pdf,G,tbs:info-source:list-institutions,
Gwich'in Land and Water Board,https://glwb.com/our-board/access-information-requests-2,G,tbs:info-source:list-institutions,
Halifax Port Authority,https://www.portofhalifax.ca/about-us/,H,tbs:info-source:list-institutions,
Health Canada,https://www.canada.ca/en/health-canada/corporate/about-health-canada/activities-responsibilities/access-information-privacy/info-source-federal-government-employee-information.html,H,tbs:info-source:list-institutions,
Historic Sites and Monuments Board of Canada,https://www.canada.ca/en/treasury-board-secretariat/services/access-information-privacy/access-information/information-about-programs-information-holdings/historic-sites-monuments-board-canada.html,H,tbs:info-source:list-institutions,
Immigration and Refugee Board of Canada,https://irb-cisr.gc.ca/en/transparency/atip/Pages/infosource.aspx,I,tbs:info-source:list-institutions,
"Immigration, Refugees and Citizenship Canada",https://www.canada.ca/en/immigration-refugees-citizenship/corporate/transparency/access-information-privacy/info-source/sources-information.html,I,tbs:info-source:list-institutions,
Impact Assessment Agency of Canada,https://www.canada.ca/en/impact-assessment-agency/corporate/transparency/info-source.html,I,tbs:info-source:list-institutions,
Indigenous Services Canada,https://www.sac-isc.gc.ca/eng/1639748667069/1639748703555,I,tbs:info-source:list-institutions,
Infrastructure Canada,https://www.infrastructure.gc.ca/infosource/infosource-eng.html,I,tbs:info-source:list-institutions,
Ingenium – Canada’s Museums of Science and Innovation,https://ingeniumcanada.org/info-sources-report,I,tbs:info-source:list-institutions,
"Innovation, Science and Economic Development Canada",https://ised-isde.canada.ca/site/atip-services/en/info-source,I,tbs:info-source:list-institutions,
International Development Research Centre,https://www.idrc.ca/en/about-idrc/transparency/info-source,I,tbs:info-source:list-institutions,
"Jacques Cartier and Champlain Bridges Incorporated, The",https://jacquescartierchamplain.ca/en/the-corporation/reports-and-publications/info-source/,J,tbs:info-source:list-institutions,
Laurentian Pilotage Authority,http://www.pilotagestlaurent.gc.ca/en/information-sources.html,L,tbs:info-source:list-institutions,
Library and Archives Canada,http://www.bac-lac.gc.ca/eng/transparency/atip/info-source/Pages/infosource.aspx,L,tbs:info-source:list-institutions,
Mackenzie Valley Environmental Impact Review Board,http://reviewboard.ca/about/access_information_requests.php,M,tbs:info-source:list-institutions,
Mackenzie Valley Land and Water Board,https://mvlwb.com/our-board/access-information-requests,M,tbs:info-source:list-institutions,
Marine Atlantic Inc.,https://www.marineatlantic.ca/en/about-us/corporate-information/Reports/,M,tbs:info-source:list-institutions,
Military Grievances External Review Committee,https://www.canada.ca/en/military-grievances-external-review/corporate/transparency/info-source-sources-federal-government-employee-information.html,M,tbs:info-source:list-institutions,
Military Police Complaints Commission,https://www.mpcc-cppm.gc.ca/corporate-organisation/transparency-transparence/infosource-eng.aspx,M,tbs:info-source:list-institutions,
Montreal Port Authority,https://www.port-montreal.com/images/pdf/2015-03-10_Info-Source-en.pdf,M,tbs:info-source:list-institutions,
Nanaimo Port Authority,https://portauthority.npa.ca/en/info-source/,N,tbs:info-source:list-institutions,
National Arts Centre,http://nac-cna.ca/en/legal/infosource,N,tbs:info-source:list-institutions,
National Battlefields Commission,http://www.ccbn-nbc.gc.ca/en/access-information-and-privacy/info-source-2018/,N,tbs:info-source:list-institutions,
National Capital Commission,http://ncc-ccn.gc.ca/transparency,N,tbs:info-source:list-institutions,
National Defence,https://www.canada.ca/en/department-national-defence/corporate/transparency/access-information-privacy/info-source-sources-of-federal-government-and-employee-information.html,N,tbs:info-source:list-institutions,
National Film Board of Canada,http://onf-nfb.gc.ca/en/about-the-nfb/publications/info-source/,N,tbs:info-source:list-institutions,
National Gallery of Canada,https://www.gallery.ca/sites/default/files/upload/2020_-_info_source_update_-_eng_-_final_-_december_11_2020.pdf,N,tbs:info-source:list-institutions,
National Research Council Canada,https://nrc.canada.ca/en/corporate/transparency/access-information-privacy-acts-info-source,N,tbs:info-source:list-institutions,
National Security Intelligence Review Agency,http://www.sirc-csars.gc.ca/prddpr/index-eng.html,N,tbs:info-source:list-institutions,
Natural Resources Canada,https://natural-resources.canada.ca/transparency/access-information-and-privacy/21403,N,tbs:info-source:list-institutions,
Natural Sciences and Engineering Research Council of Canada,http://www.nserc-crsng.gc.ca/ATIP-AIPRP/InfoSource-InfoSource/index_eng.asp,N,tbs:info-source:list-institutions,
Northern Pipeline Agency Canada,http://npa.gc.ca/177?wb48617274=03F2D5A0,N,tbs:info-source:list-institutions,
Nunavut Water Board,https://www.nwb-oen.ca/content/info-source-annual-report-2013-2014,N,tbs:info-source:list-institutions,
Office of the Auditor General of Canada,http://www.oag-bvg.gc.ca/internet/English/acc_fs_e_38857.html,O,tbs:info-source:list-institutions,
Office of the Commissioner of Lobbying of Canada,https://lobbycanada.gc.ca/en/info-source/,O,tbs:info-source:list-institutions,
Office of the Commissioner of Official Languages,https://www.clo-ocol.gc.ca/en/publications/other/2021/info-source-2021,O,tbs:info-source:list-institutions,
Office of the Correctional Investigator,http://www.oci-bec.gc.ca/cnt/disc-div/atip-aiprp/infosource/infosource2018-1-eng.aspx,O,tbs:info-source:list-institutions,
Office of the Information Commissioner of Canada,https://www.oic-ci.gc.ca/en/info-source,O,tbs:info-source:list-institutions,
"Office of the Ombudsman, National Defence and Canadian Forces",https://www.ombudsman.forces.gc.ca/en/ombudsman-ati/info-source.page,O,tbs:info-source:list-institutions,
Office of the Privacy Commissioner of Canada,https://www.priv.gc.ca/en/about-the-opc/opc-access-to-information-and-privacy/infosource/,O,tbs:info-source:list-institutions,
Office of the Public Sector Integrity Commissioner of Canada,https://www.psic-ispc.gc.ca/en/info-source-sources-federal-government-and-employee-information,O,tbs:info-source:list-institutions,
Office of the Superintendent of Financial Institutions Canada,http://www.osfi-bsif.gc.ca/Eng/trp/atip-aiprp/Pages/fin.aspx,O,tbs:info-source:list-institutions,
Oshawa Port Authority,https://www.hopaports.ca/wp-content/uploads/2018/12/2018-Hamilton-Port-Authority-InfoSource.pdf,O,tbs:info-source:list-institutions,
Pacific Pilotage Authority,https://ppa.gc.ca/other-reports,P,tbs:info-source:list-institutions,
Parks Canada Agency,http://www.pc.gc.ca/en/agence-agency/dp-pd/infosource,P,tbs:info-source:list-institutions,
Parole Board of Canada,https://www.canada.ca/en/parole-board/corporate/transparency/access-to-information-and-privacy/infosource.html,P,tbs:info-source:list-institutions,
Patented Medicine Prices Review Board,http://www.pmprb-cepmb.gc.ca/en/view.asp?ccid=1093,P,tbs:info-source:list-institutions,
"Pierre Elliott Trudeau Foundation, The",http://www.trudeaufoundation.ca/en/about/publications/info-source,P,tbs:info-source:list-institutions,
Polar Knowledge Canada,https://www.canada.ca/en/polar-knowledge/proactivedisclosure.html,P,tbs:info-source:list-institutions,
Port Alberni Port Authority,http://www.portalberniportauthority.ca/en/info-source,P,tbs:info-source:list-institutions,
Port of Vancouver,https://www.portvancouver.com/transparency/info-source/,P,tbs:info-source:list-institutions,
Privy Council Office,https://www.canada.ca/en/privy-council/services/publications/info-source-federal-government-employee-information.html,P,tbs:info-source:list-institutions,
Public Health Agency of Canada,https://www.canada.ca/en/public-health/corporate/mandate/about-agency/access-information-privacy/info-source-federal-government-employee-information.html,P,tbs:info-source:list-institutions,
Public Prosecution Service of Canada,https://www.ppsc-sppc.gc.ca/eng/tra/is/index.html,P,tbs:info-source:list-institutions,
Public Safety Canada,http://www.publicsafety.gc.ca/cnt/trnsprnc/nfsrc-eng.aspx,P,tbs:info-source:list-institutions,
Public Sector Pension Investment Board,http://www.investpsp.com/en/privacy-statement.html,P,tbs:info-source:list-institutions,
Public Service Commission of Canada,https://www.canada.ca/en/public-service-commission/corporate/about-us/access-information-privacy-office/info-source-sources-federal-government-employee-information.html,P,tbs:info-source:list-institutions,
Public Services and Procurement Canada,http://www.tpsgc-pwgsc.gc.ca/aiprp-atip/infosource-eng.html,P,tbs:info-source:list-institutions,
Quebec Port Authority,http://www.portquebec.ca/en/infosource-9a8f2afa-f22c-4c73-8684-3b4613d65aa9,Q,tbs:info-source:list-institutions,
Royal Canadian Mint,https://www.mint.ca/en/privacy-charter/info-source-en,R,tbs:info-source:list-institutions,
Royal Canadian Mounted Police,https://www.rcmp-grc.gc.ca/en/info-source-sources-federal-government-and-employee-information-0,R,tbs:info-source:list-institutions,
Royal Canadian Mounted Police External Review Committee,https://www.canada.ca/en/rcmp-external-review-committee/corporate/transparency/access-information-privacy/info-source-sources-federal-government-employee-information.html,R,tbs:info-source:list-institutions,
Saguenay Port Authority,http://www.portsaguenay.ca/en/page/info-source,S,tbs:info-source:list-institutions,
Sahtu Land and Water Board,https://slwb.com/our-board/access-information-requests-0,S,tbs:info-source:list-institutions,
Sept-Îles Port Authority,http://www.portsi.com/access-information/info-source/?lang=en,S,tbs:info-source:list-institutions,
Shared Services Canada,https://www.canada.ca/en/shared-services/corporate/transparency/access-information-privacy/sources-federal-government-employee-information-2021-info-source.html,S,tbs:info-source:list-institutions,
Ship Source Oil Pollution Fund,https://sopf.gc.ca/?page_id=3123,S,tbs:info-source:list-institutions,
Social Sciences and Humanities Research Council of Canada,http://www.sshrc-crsh.gc.ca/transparency-transparence/atip-aiprp/infosource-eng.aspx,S,tbs:info-source:list-institutions,
St. John's Port Authority,https://sjpa-apsj.com/uploads/images/pages/2022-SJPA-Info-Source.pdf,S,tbs:info-source:list-institutions,
Standards Council of Canada,http://www.scc.ca/en/info-source,S,tbs:info-source:list-institutions,
Statistics Canada,https://www.statcan.gc.ca/eng/public/ipih/index,S,tbs:info-source:list-institutions,
Sustainable Development Technology Canada,https://www.sdtc.ca/en/about/accountability/info-source/,S,tbs:info-source:list-institutions,
Telefilm Canada,https://telefilm.ca/en/transparency/info-source,T,tbs:info-source:list-institutions,
Thunder Bay Port Authority,https://www.portofthunderbay.ca/wp-content/uploads/2020/04/Infosource-Thunder-Bay-Port-Authority-20.pdf,T,tbs:info-source:list-institutions,
Toronto Port Authority,https://www.portstoronto.com/Media/PortsToronto/PortsToronto/Toronto-Port-Authority-InfoSource-Chapter-(2016)-March-2017ENG.pdf,T,tbs:info-source:list-institutions,
Transport Canada,http://www.tc.gc.ca/eng/corporate-services/atip-infosource-934.htm,T,tbs:info-source:list-institutions,
Transportation Safety Board of Canada,http://tsb-bst.gc.ca/eng/divulgation-disclosure/infosource/index.asp,T,tbs:info-source:list-institutions,
Treasury Board of Canada Secretariat,https://www.canada.ca/en/treasury-board-secretariat/corporate/transparency/treasury-board-secretariat-sources-federal-government-employee-information-info-source.html,T,tbs:info-source:list-institutions,
Trois-Rivières Port Authority,https://porttr.com/en/port-authority/governance/info-source/,T,tbs:info-source:list-institutions,
Veterans Affairs Canada,http://www.veterans.gc.ca/eng/about-us/organization/access-to-information-privacy/info-source,V,tbs:info-source:list-institutions,
Veterans Review and Appeal Board,http://www.vrab-tacra.gc.ca/Plans/Info-Source-eng.cfm,V,tbs:info-source:list-institutions,
VIA Rail Canada Inc.,https://corpo.viarail.ca/en/company/governance-ethics#info-source-en,V,tbs:info-source:list-institutions,
Wek’eezhii Land and Water Board,https://wlwb.ca/sites/default/files/mvlwb_-_info_source_-_may_14_19.pdf,W,tbs:info-source:list-institutions,
Windsor-Detroit Bridge Authority,https://www.wdbridge.com/en/info-source,W,tbs:info-source:list-institutions,
Windsor Port Authority,https://www.portwindsor.com/wp-content/uploads/2018/02/Port-of-Windsor-Info-Source-2018-1.pdf,W,tbs:info-source:list-institutions,
Women and Gender Equality,https://www.canada.ca/en/women-gender-equality/transparency/annual-report-parliament-access-information-privacy/info-source-2023-2024.html,W,tbs:info-source:list-institutions,
Yukon Environmental Socio-Economic Assessment Board,http://www.yesab.ca/wp-content/uploads/2019/05/2019-InfoSource-Chapter.pdf,Y,tbs:info-source:list-institutions,
Atlantic Pilotage Authority,http://www.atlanticpilotage.com/eng/bg-primary.html,A,tbs:crown-corps:list,
Atomic Energy of Canada Limited,http://www.aecl.ca/site3.aspx,A,tbs:crown-corps:list,
Bank of Canada,http://www.bankofcanada.ca/en/bg-primary.html,B,tbs:crown-corps:list,
Business Development Bank of Canada,http://www.bdc.ca/en/home.htm,B,tbs:crown-corps:list,
Canada Council for the Arts,https://canadacouncil.ca,C,tbs:crown-corps:list,
Canada Deposit Insurance Corporation,http://www.cdic.ca/e/bg-primary.html,C,tbs:crown-corps:list,
Canada Development Investment Corporation,http://www.appointments-nominations.gc.ca/prflOrg.asp?OrgID=CDI&type-typ=&lang=eng,C,tbs:crown-corps:list,
Canada Infrastructure Bank,https://cib-bic.ca/en/,C,tbs:crown-corps:list,
Canada Lands Company Limited,http://www.clc.ca/home,C,tbs:crown-corps:list,
Canada Mortgage and Housing Corporation,http://www.cmhc-schl.gc.ca/en/bg-primary.cfm,C,tbs:crown-corps:list,
Canada Pension Plan Investment Board,https://www.cppinvestments.com/,C,tbs:crown-corps:list,
Canada Post Corporation,http://www.canadapost.ca/segment-e.asp?sblid=english,C,tbs:crown-corps:list,
Canadian Air Transport Security Authority,http://www.catsa-acsta.gc.ca/Home.aspx?id=1&lang=en,C,tbs:crown-corps:list,
Canadian Broadcasting Corporation,http://cbc.radio-canada.ca/en/,C,tbs:crown-corps:list,
Canadian Commercial Corporation,http://www.ccc.ca/en,C,tbs:crown-corps:list,
Canadian Dairy Commission,http://www.cdc-ccl.gc.ca/CDC/bg-primary-eng.php,C,tbs:crown-corps:list,
Canadian Museum of History,http://www.civilization.ca/home/,C,tbs:crown-corps:list,
Canadian Museum for Human Rights,http://humanrightsmuseum.ca/home,C,tbs:crown-corps:list,
Canadian Museum of Immigration at Pier 21,http://www.pier21.ca/home/,C,tbs:crown-corps:list,
Canadian Museum of Nature,http://nature.ca/en/home,C,tbs:crown-corps:list,
Canadian Race Relations Foundation,http://www.crr.ca/index.php?lang=english,C,tbs:crown-corps:list,
Defence Construction (1951) Limited,http://www.dcc-cdc.gc.ca/english/bg-primary.html,D,tbs:crown-corps:list,
Destination Canada,https://www.destinationcanada.com/en,D,tbs:crown-corps:list,
Export Development Canada,http://www.edc.ca/en/Pages/default.aspx,E,tbs:crown-corps:list,
Farm Credit Canada,https://www.fcc-fac.ca/,F,tbs:crown-corps:list,
"Federal Bridge Corporation Limited, The",https://federalbridge.ca/,F,tbs:crown-corps:list,
Freshwater Fish Marketing Corporation,http://www.freshwaterfish.com/,F,tbs:crown-corps:list,
Great Lakes Pilotage Authority,http://www.glpa-apgl.com/homePage_e.asp,G,tbs:crown-corps:list,
International Development Research Centre,http://www.idrc.ca/EN/Pages/default.aspx,I,tbs:crown-corps:list,
Jacques Cartier and Champlain Bridges Inc,https://jacquescartierchamplain.ca/en/,J,tbs:crown-corps:list,
Laurentian Pilotage Authority,http://www.pilotagestlaurent.gc.ca/importantNotice_e.asp,L,tbs:crown-corps:list,
Marine Atlantic Inc,http://www.marine-atlantic.ca/bg-primary.asp,M,tbs:crown-corps:list,
National Arts Centre Corporation,http://nac-cna.ca/en/,N,tbs:crown-corps:list,
National Capital Commission,http://www.ncc-ccn.gc.ca,N,tbs:crown-corps:list,
National Gallery of Canada,http://www.gallery.ca/en/,N,tbs:crown-corps:list,
National Museum of Science and Technology,https://ingeniumcanada.org/,N,tbs:crown-corps:list,
Pacific Pilotage Authority,http://www.ppa.gc.ca/text/bg-primary-e.html,P,tbs:crown-corps:list,
Public Sector Pension Investment Board,http://www.investpsp.ca/en/bg-primary.html,P,tbs:crown-corps:list,
Royal Canadian Mint,http://www.mint.ca/store/template/home.jsp?lang=en_CA,R,tbs:crown-corps:list,
Standards Council of Canada,http://www.scc.ca/en,S,tbs:crown-corps:list,
Telefilm Canada,http://www.telefilm.ca/en/?q=en,T,tbs:crown-corps:list,
VIA HFR – VIA TGF Inc.,https://hfr-tgf.ca/,V,tbs:crown-corps:list,
VIA Rail Canada Inc,http://www.viarail.ca/en,V,tbs:crown-corps:list,
Windsor Detroit Bridge Authority,https://www.gordiehoweinternationalbridge.com/en/windsor-detroit-bridge-authority-overview,W,tbs:crown-corps:list,
Nanaimo Port Authority,http://npa.ca/en/,British Columbia,tc:port-authorities,
Port Alberni Port Authority,http://www.portalberniportauthority.ca/en/node/37,British Columbia,tc:port-authorities,
Prince Rupert Port Authority,http://www.rupertport.com/,British Columbia,tc:port-authorities,
Vancouver Fraser Port Authority,http://www.portvancouver.com/,British Columbia,tc:port-authorities,
Hamilton-Oshawa Port Authority,https://www.hopaports.ca/,Ontario,tc:port-authorities,
Toronto Port Authority,http://www.portstoronto.com/home.aspx,Ontario,tc:port-authorities,
Thunder Bay Port Authority,http://www.portofthunderbay.com/,Ontario,tc:port-authorities,
Windsor Port Authority,http://www.portwindsor.com/,Ontario,tc:port-authorities,
Montreal Port Authority,https://www.port-montreal.com/en/,Quebec,tc:port-authorities,
Quebec Port Authority,http://www.portquebec.ca/en/,Quebec,tc:port-authorities,
Saguenay Port Authority,http://www.portsaguenay.ca/index.php?page=17%E2%8C%A9=eng,Quebec,tc:port-authorities,
Sept-Îles Port Authority,http://www.portsi.com/?lang=en,Quebec,tc:port-authorities,
Trois-Rivières Port Authority,https://www.porttr.com/en/,Quebec,tc:port-authorities,
Belledune Port Authority,http://www.portofbelledune.ca/,New Brunswick,tc:port-authorities,
Saint John Port Authority,https://www.sjport.com/,New Brunswick,tc:port-authorities,
Halifax Port Authority,http://www.portofhalifax.ca/,Nova Scotia,tc:port-authorities,
St. John’s Port Authority,http://www.sjpa.com/default.aspx,Newfoundland and Labrador,tc:port-authorities,
Victoria Airport Authority,http://www.victoriaairport.com/index.php?pageid=1,,tc:airport-small-authorities,
Vancouver International Airport Authority,http://www.yvr.ca/en/passengers,,tc:airport-small-authorities,
Prince George Airport Authority Inc.,http://www.pgairport.ca/,,tc:airport-small-authorities,
City of Kelowna,https://ylw.kelowna.ca/,,tc:airport-small-authorities,
Edmonton Regional Airports Authority,https://www.edmonton.ca/city_government/city_organization/edmonton-regional-airports-authority,,tc:airport-small-authorities,
Calgary Airport Authority,http://www.yyc.com/,,tc:airport-small-authorities,
Saskatoon Airport Authority,http://yxe.ca/,,tc:airport-small-authorities,
Regina Airport Authority,http://www.yqr.ca/,,tc:airport-small-authorities,
Winnipeg Airports Authority Inc.,http://www.waa.ca/?pid=1,,tc:airport-small-authorities,
Thunder Bay International Airports Inc.,http://www.tbairport.on.ca/,,tc:airport-small-authorities,
Greater London International Airports Authority,https://flyyxu.ca/,,tc:airport-small-authorities,
Greater Toronto Airports Authority,https://torontopearson.com/,,tc:airport-small-authorities,
Ottawa Macdonald-Cartier International Airport Authority,https://yow.ca/en,,tc:airport-small-authorities,
Aéroports de Montréal,http://www.admtl.com/en,,tc:airport-small-authorities,
Aéroports de Montréal,http://www.admtl.com/en,,tc:airport-small-authorities,
Aéroport de Québec Inc.,http://www.aeroportdequebec.com/en/,,tc:airport-small-authorities,
Fredericton International Airport Authority,http://www.frederictonairport.ca/en/,,tc:airport-small-authorities,
Greater Moncton International Airport Authority Inc.,http://cyqm.ca/,,tc:airport-small-authorities,
Saint John Airport Inc.,http://www.saintjohnairport.com/,,tc:airport-small-authorities,
Charlottetown Airport Authority Inc.,https://flyyyg.com/,,tc:airport-small-authorities,
Halifax International Airport Authority,http://www.hiaa.ca/,,tc:airport-small-authorities,
Gander International Airport Authority Inc.,http://www.ganderairport.com/,,tc:airport-small-authorities,
St. John’s International Airport Authority,http://www.stjohnsairport.com/,,tc:airport-small-authorities,
Victoria Airport Authority,http://www.victoriaairport.com/index.php?pageid=1,,tc:airport-nas-authorities,
Vancouver International Airport Authority,http://www.yvr.ca/en/passengers,,tc:airport-nas-authorities,
Prince George Airport Authority Inc.,http://www.pgairport.ca/,,tc:airport-nas-authorities,
City of Kelowna,https://ylw.kelowna.ca/,,tc:airport-nas-authorities,
Edmonton Regional Airports Authority,https://www.edmonton.ca/city_government/city_organization/edmonton-regional-airports-authority,,tc:airport-nas-authorities,
Calgary Airport Authority,http://www.yyc.com/,,tc:airport-nas-authorities,
Saskatoon Airport Authority,http://yxe.ca/,,tc:airport-nas-authorities,
Regina Airport Authority,http://www.yqr.ca/,,tc:airport-nas-authorities,
Winnipeg Airports Authority Inc.,http://www.waa.ca/?pid=1,,tc:airport-nas-authorities,
Thunder Bay International Airports Inc.,http://www.tbairport.on.ca/,,tc:airport-nas-authorities,
Greater London International Airports Authority,https://flyyxu.ca/,,tc:airport-nas-authorities,
Greater Toronto Airports Authority,https://torontopearson.com/,,tc:airport-nas-authorities,
Ottawa Macdonald-Cartier International Airport Authority,https://yow.ca/en,,tc:airport-nas-authorities,
Aéroports de Montréal,http://www.admtl.com/en,,tc:airport-nas-authorities,
Aéroports de Montréal,http://www.admtl.com/en,,tc:airport-nas-authorities,
Aéroport de Québec Inc.,http://www.aeroportdequebec.com/en/,,tc:airport-nas-authorities,
Fredericton International Airport Authority,http://www.frederictonairport.ca/en/,,tc:airport-nas-authorities,
Greater Moncton International Airport Authority Inc.,http://cyqm.ca/,,tc:airport-nas-authorities,
Saint John Airport Inc.,http://www.saintjohnairport.com/,,tc:airport-nas-authorities,
Charlottetown Airport Authority Inc.,https://flyyyg.com/,,tc:airport-nas-authorities,
Halifax International Airport Authority,http://www.hiaa.ca/,,tc:airport-nas-authorities,
Gander International Airport Authority Inc.,http://www.ganderairport.com/,,tc:airport-nas-authorities,
St. John’s International Airport Authority,http://www.stjohnsairport.com/,,tc:airport-nas-authorities,
Alberta Health Services,https://www.albertahealthservices.ca/,,hc:alberta-health-authorities,
Interior Health,https://www.interiorhealth.ca/,,hc:bc-health-authorities,
Fraser Health,https://www.fraserhealth.ca/,,hc:bc-health-authorities,
Island Health,https://www.islandhealth.ca/,,hc:bc-health-authorities,
Northern Health,http://www.northernhealth.ca/,,hc:bc-health-authorities,
Vancouver Coastal Health,https://www.vch.ca/en,,hc:bc-health-authorities,
Saskatchewan Health Authority (SHA),https://www.saskhealthauthority.ca/,,Hc:saskatchewan-health-authorities,
Horizon Health Network,https://horizonnb.ca,,hc:new-brunswick-health-authorities,
Vitalité Health Network,https://www.vitalitenb.ca/,,hc:new-brunswick-health-authorities,
Nova Scotia Health,https://www.nshealth.ca/,,hc:nova-scotia-health-authorities,
IWK Health Centre,https://iwkhealth.ca/,,hc:nova-scotia-health-authorities,
Health PEI,https://www.princeedwardisland.ca/en/organization/health-pei,,hc:prince-edward-island-health-authorities,
NL Health Services,https://nlhealthservices.ca/,,hc:newfoundland-and-labrador-health-authorities,
Yukon Hospital Corporation,https://yukonhospitals.ca/,,hc:yukon-health-authorities,
Nunavut Department of Health,https://www.gov.nu.ca/health,,hc:nunavut-health-authorities,
Northwest Territories Health and Social Services Authority,https://www.nthssa.ca/,,hc:northwest-territories-health-authorities,
Hay River Health & Social Services Authority,https://www.hayriverhealth.ca/,,hc:northwest-territories-health-authorities,
Tlicho Community Services Agency,https://www.tlicho.ca/government/tlicho-community-services-agency,,hc:northwest-territories-health-authorities,
Alberta Securities Commission,https://www.albertasecurities.com,,sec:alberta-securities-regulator,
British Columbia Securities Commission,[http://www.bcsc.bc.ca](http://www.bcsc.bc.ca),,sec:british-columbia-securities-regulator,
Manitoba Securities Commission,https://www.mbsecurities.ca,,sec:manitoba-securities-regulator,
Financial and Consumer Services Commission,http://www.fcnb.ca,,sec:new-brunswick-securities-regulator,
Office of the Superintendent of Securities Service Newfoundland and Labrador,http://www.servicenl.gov.nl.ca/securities/index.html,,sec:newfoundland-and-labrador-securities-regulator,
Office of the Superintendent of Securities (Northwest Territories),https://www.justice.gov.nt.ca/en/divisions/legal-registries-division/securities-office/,,sec:northwest-territories-securities-regulator,
Nova Scotia Securities Commission,http://nssc.novascotia.ca/](http://nssc.novascotia.ca/,,sec:nova-scotia-securities-regulator,
Office of the Superintendent of Securities Nunavut,http://nunavutlegalregistries.ca/sr_index_en.shtml,,sec:nunavut-securities-regulator,
Ontario Securities Commission,http://www.osc.gov.on.ca,,sec:ontario-securities-regulator,
Financial and Consumer Services Division,https://www.princeedwardisland.ca/en/information/justice-and-public-safety/securities,,sec:prince-edward-island-securities-regulator,
Autorité des marchés financiers,https://lautorite.qc.ca/en/general-public,,sec:quebec-securities-regulator,
Financial and Consumer Affairs Authority of Saskatchewan,http://www.fcaa.gov.sk.ca,,sec:saskatchewan-securities-regulator,
Office of the Yukon Superintendent of Securities,https://yukon.ca/en/doing-business/securities,,sec:yukon-securities-regulator,
Elections Canada,https://www.elections.ca/,,elec:federal-agency,
Elections BC,https://elections.bc.ca/,,elec:british-columbia-agency,
Elections Alberta,https://www.elections.ab.ca/,,elec:alberta-agency,
Elections Saskatchewan,https://www.elections.sk.ca/,,elec:saskatchewan-agency,
Elections Manitoba,https://www.electionsmanitoba.ca/,,elec:manitoba-agency,
Elections Ontario,https://www.elections.on.ca/,,elec:ontario-agency,
Elections Quebec (Directeur général des élections du Québec),https://www.electionsquebec.qc.ca/,,elec:quebec-agency,
Elections New Brunswick,https://www.electionsnb.ca/,,elec:new-brunswick-agency,
Elections Nova Scotia,https://electionsnovascotia.ca/,,elec:nova-scotia-agency,
Elections Prince Edward Island,https://www.electionspei.ca/,,elec:prince-edward-island-agency,
Elections Newfoundland and Labrador,https://www.elections.gov.nl.ca/,,elec:newfoundland-and-labrador-agency,
Elections Yukon,https://elections.yk.ca/,,elec:yukon-agency,
Elections NWT,https://www.electionsnwt.ca/,,elec:northwest-territories-agency,
Elections Nunavut,https://www.elections.nu.ca/,,elec:nunavut-agency,
Office of the Information and Privacy Commissioner (Alberta),https://www.oipc.ab.ca/,,gov:privacy-info-alberta,
Office of the Information and Privacy Commissioner (British Columbia),https://www.oipc.bc.ca/,,gov:privacy-info-british-columbia,
Manitoba Ombudsman (Access & Privacy),https://www.ombudsman.mb.ca/,,gov:privacy-info-manitoba,
Office of the Access to Information and Privacy Commissioner (New Brunswick),https://ombudnb-aip-aivp.ca/,,gov:privacy-info-new-brunswick,
Office of the Information and Privacy Commissioner Newfoundland and Labrador,https://www.oipc.nl.ca/,,gov:privacy-info-newfoundland-and-labrador,
Information and Privacy Commissioner (Northwest Territories),https://atipp-nt.ca/,,gov:privacy-info-northwest-territories,
Office of the Information and Privacy Commissioner (Nova Scotia),https://oipc.novascotia.ca/,,gov:privacy-info-nova-scotia,
Information and Privacy Commissioner (Nunavut),https://atipp-nu.ca/,,gov:privacy-info-nunavut,
Information and Privacy Commissioner of Ontario,https://www.ipc.on.ca/,,gov:privacy-info-ontario,
Information and Privacy Commissioner (Prince Edward Island),https://www.assembly.pe.ca/,,gov:privacy-info-prince-edward-island,
Commission d’accès à l’information (Québec),https://www.cai.gouv.qc.ca/,,gov:privacy-info-quebec,
Office of the Information and Privacy Commissioner (Saskatchewan),https://oipc.sk.ca/,,gov:privacy-info-saskatchewan,
Ombudsman & Information and Privacy Commissioner (Yukon),https://www.ombudsman.yk.ca/,,gov:privacy-info-yukon,
British Columbia Provincial Court,https://www.provincialcourt.bc.ca/,,gov:courts-british-columbia-provincial-court,
British Columbia Supreme Court,https://www.bccourts.ca/supreme_court/practice_and_procedure/acts_rules_and_forms/,,gov:courts-british-columbia-supreme-court,
British Columbia Court of Appeal,https://www.bccourts.ca/Court_of_Appeal/,,gov:courts-british-columbia-court-of-appeal,
Alberta Provincial Court,https://albertacourts.ca/pc,,gov:courts-alberta-provincial-court,
Alberta Court of Queen's Bench,https://albertacourts.ca/qb/home,,gov:courts-alberta-court-of-queens-bench,
Alberta Court of Appeal,https://albertacourts.ca/ca/home,,gov:courts-alberta-court-of-appeal,
Saskatchewan Provincial Court,https://sasklawcourts.ca/,,gov:courts-saskatchewan-provincial-court,
Saskatchewan Court of Queen's Bench,https://sasklawcourts.ca/,,gov:courts-saskatchewan-court-of-queens-bench,
Saskatchewan Court of Appeal,https://sasklawcourts.ca/index.php/home/court-of-appeal/rules-practice-directives,,gov:courts-saskatchewan-court-of-appeal,
Manitoba Provincial Court,http://www.manitobacourts.mb.ca/provincial-court/,,gov:courts-manitoba-provincial-court,
Manitoba Court of Queen's Bench,http://www.manitobacourts.mb.ca/court-of-queens-bench/,,gov:courts-manitoba-court-of-queens-bench,
Manitoba Court of Appeal,http://www.manitobacourts.mb.ca/court-of-appeal/,,gov:courts-manitoba-court-of-appeal,
Ontario Court of Justice,https://www.ontariocourts.ca/ocj/criminal-rules/,,gov:courts-ontario-court-of-justice,
Ontario Superior Court of Justice,https://www.ontariocourts.ca/scj/practice/practice-directions/criminal/,,gov:courts-ontario-superior-court-of-justice,
Ontario Court of Appeal,https://www.ontariocourts.ca/coa/criminal-appeal-rules/,,gov:courts-ontario-court-of-appeal,
Quebec Court of Quebec,http://www.tribunaux.qc.ca/mjq_en/c-quebec/index-cq.html,,gov:courts-quebec-court-of-quebec,
Quebec Superior Court,http://www.tribunaux.qc.ca/mjq_en/c-superieure/index-cs.html,,gov:courts-quebec-superior-court,
Quebec Court of Appeal,https://courdappelduquebec.ca/index.php?id=1&amp,L=1,,gov:courts-quebec-court-of-appeal
Quebec Municipal Courts,https://www.justice.gouv.qc.ca/en/judicial-system/courts-and-tribunals-of-quebec/municipal-courts,,gov:courts-quebec-municipal-courts,
Prince Edward Island Provincial Court,https://www.courts.pe.ca/provincial-court,,gov:courts-prince-edward-island-provincial-court,
Prince Edward Island Supreme Court,https://www.courts.pe.ca/supreme-court,,gov:courts-prince-edward-island-supreme-court,
Prince Edward Island Court of Appeal,https://www.courts.pe.ca/court-of-appeal,,gov:courts-prince-edward-island-court-of-appeal,
New Brunswick Provincial Court,https://www.courtsnb-coursnb.ca/content/cour/en/provincial.html,,gov:courts-new-brunswick-provincial-court,
New Brunswick Court of Queen's Bench,https://www.courtsnb-coursnb.ca/content/cour/en/queens-bench.html,,gov:courts-new-brunswick-court-of-queens-bench,
New Brunswick Court of Appeal,https://www.courtsnb-coursnb.ca/content/cour/en/appeal.html,,gov:courts-new-brunswick-court-of-appeal,
Nova Scotia Provincial Court,https://courts.ns.ca/Provincial_Court/NSPC_criminal_rules_forms.htm,,gov:courts-nova-scotia-provincial-court,
Nova Scotia Supreme Court,https://courts.ns.ca/Supreme_Court/NSSC_home.htm,,gov:courts-nova-scotia-supreme-court,
Nova Scotia Court of Appeal,https://www.courts.ns.ca/Appeal_Court/NSCA_home.htm,,gov:courts-nova-scotia-court-of-appeal,
 Labrador Provincial Court,https://court.nl.ca/provincial/,,gov:courts-newfoundland-and-amp-labrador-provincial-court,
 Labrador Supreme Court,https://www.court.nl.ca/supreme/,,gov:courts-newfoundland-and-amp-labrador-supreme-court,
 Labrador Court of Appeal,https://www.court.nl.ca/appeal/,,gov:courts-newfoundland-and-amp-labrador-court-of-appeal,
Nunavut Court of Justice,http://www.nunavutcourts.ca/index.php/nunavut-court-of-justice,,gov:courts-nunavut-court-of-justice,
Nunavut Court of Appeal,http://www.nunavutcourts.ca/nunavut-court-of-appeal,,gov:courts-nunavut-court-of-appeal,
Northwest Territories Territorial Court,https://www.nwtcourts.ca/en/courts/territorial-court/,,gov:courts-northwest-territories-territorial-court,
Northwest Territories Supreme Court,https://www.nwtcourts.ca/en/courts/supreme-court/,,gov:courts-northwest-territories-supreme-court,
Northwest Territories Court of Appeal,https://www.nwtcourts.ca/en/courts/court-of-appeal/,,gov:courts-northwest-territories-court-of-appeal,
Yukon Territorial Court,http://www.yukoncourts.ca/courts/territorial.html,,gov:courts-yukon-territorial-court,
Yukon Supreme Court,http://www.yukoncourts.ca/courts/supreme.html,,gov:courts-yukon-supreme-court,
Yukon Court of Appeal,http://www.yukoncourts.ca/courts/appeal.html,,gov:courts-yukon-court-of-appeal,
Alberta Auditor General l,https://www.oag.ab.ca/,,gov:auditor-alberta,
British Columbia Auditor General l,https://www.bcauditor.com/,,gov:auditor-british-columbia,
Manitoba Auditor General,https://www.oag.mb.ca/,,gov:auditor-manitoba,
New Brunswick Auditor General,https://www.agnb-vgnb.ca/,,gov:auditor-new-brunswick,
Newfoundland and Labrador Auditor General,https://www.ag.gov.nl.ca/ag/,,gov:auditor-newfoundland-and-labrador,
Nova Scotia Auditor General,https://oag-ns.ca/,,gov:auditor-nova-scotia,
Ontario Auditor General,http://www.auditor.on.ca/,,gov:auditor-ontario,
Quebec Vérificateur général,https://www.vgq.qc.ca,,gov:auditor-quebec,
Saskatchewan Auditor General,https://auditor.sk.ca/,,gov:auditor-saskatchewan,
Alberta Emergency Management Agency,https://www.alberta.ca/emergency-preparedness.aspx?utm_source=redirect&utm_medium=poster&utm_campaign=GoA&utm_term=BePrepared,,gov:emergency-alberta,
British Columbia Emergency Management and Climate Readiness,http://www2.gov.bc.ca/gov/content/safety/emergency-preparedness-response-recovery/preparedbc,,gov:emergency-british-columbia,
Manitoba Emergency Management Organization,https://www.gov.mb.ca/emo/index.html,,gov:emergency-manitoba,
New Brunswick Emergency Measures Organization,https://www2.gnb.ca/content/gnb/en/departments/emo.html,,gov:emergency-new-brunswick,
Emergency Services Division Department of Justice & Public Safety Government of Newfoundland & Labrador,https://www.gov.nl.ca/jps,,gov:emergency-newfoundland-and-labrador,
Northwest Territories Emergency Management Organization,http://www.maca.gov.nt.ca/en/services/emergency-preparedness,,gov:emergency-northwest-territories,
Nova Scotia Emergency Management Office,https://beta.novascotia.ca/government/emergency-management-office,,gov:emergency-nova-scotia,
Nunavut Emergency Management,https://www.gov.nu.ca/community-and-government-services/information/nunavut-emergency-management-0,,gov:emergency-nunavut,
Emergency Management Ontario,http://www.ontario.ca/EMO,,gov:emergency-ontario,
Prince Edward Island Emergency Measures Organization,http://www.peipublicsafety.ca/,,gov:emergency-prince-edward-island,
Quebec Ministry of Public Security,https://www.quebec.ca/en/public-safety-emergencies/preparing-for-emergency/how-prepare-at-home,,gov:emergency-quebec,
Saskatchewan Public Safety Agency,https://www.saskatchewan.ca/residents/environment-public-health-and-safety/disaster-prevention,,gov:emergency-saskatchewan,
Yukon Emergency Measures Organization,https://yukon.ca/en/emergencies-and-safety,,gov:emergency-yukon,
B2B Bank,https://b2bbank.com/,,"fin:ca-sch1,",
Bank of Montreal,https://www.bmo.com/en-ca/main/personal/,,"fin:ca-sch1,",
Bank of Nova Scotia (The),https://www.scotiabank.com/ca/en/personal.html,,"fin:ca-sch1,",
Bridgewater Bank,https://bridgewaterbank.ca/,,"fin:ca-sch1,",
Caisse populaire acadienne ltée (UNI),https://www.uni.ca/en//,,"fin:ca-sch1,",
Canadian Imperial Bank of Commerce,https://www.cibc.com/en/personal-banking.html,,"fin:ca-sch1,",
Canadian Tire Bank,https://www.ctfs.com/content/ctfs/en.html,,"fin:ca-sch1,",
Coast Capital Savings Federal Credit Union,https://www.coastcapitalsavings.com/,,"fin:ca-sch1,",
Concentra Bank,https://www.concentra.ca/,,"fin:ca-sch1,",
CS Alterna Bank,https://www.alternabank.ca/en/personal/,,"fin:ca-sch1,",
Equitable Bank,https://www.equitablebank.ca/?lang=en,,"fin:ca-sch1,",
Exchange Bank of Canada,https://www.ebcfx.com/en/,,"fin:ca-sch1,",
Fairstone Bank of Canada,https://www.fairstonebank.ca/,,"fin:ca-sch1,",
General Bank of Canada,https://www.generalbank.ca/,,"fin:ca-sch1,",
Haventree Bank,https://www.haventreebank.com/en/,,"fin:ca-sch1,",
Home Bank,https://www.homebank.ca/,,"fin:ca-sch1,",
HomeEquity Bank,https://www.homeequitybank.ca/,,"fin:ca-sch1,",
Innovation Federal Credit Union,https://www.innovationcu.ca/personal.html,,"fin:ca-sch1,",
Laurentian Bank of Canada,https://www.laurentianbank.ca/en,,"fin:ca-sch1,",
Manulife Bank of Canada,https://www.manulifebank.ca/personal-banking.html,,"fin:ca-sch1,",
Motus Bank,https://www.motusbank.ca/,,"fin:ca-sch1,",
National Bank of Canada,https://www.nbc.ca/,,"fin:ca-sch1,",
Peoples Bank of Canada,https://www.peoplesbank.ca/en/,,"fin:ca-sch1,",
President's Choice Bank,https://www.pcfinancial.ca/en/,,"fin:ca-sch1,",
RFA Bank of Canada,https://www.rfa.ca/index.php/news,,"fin:ca-sch1,",
Rogers Bank,https://www.rogersbank.com/en/,,"fin:ca-sch1,",
Royal Bank of Canada,https://www.rbc.com/canada.html,,"fin:ca-sch1,",
Tangerine Bank,https://www.tangerine.ca/en,,"fin:ca-sch1,",
Toronto-Dominion Bank (The),https://www.td.com/ca/en/personal-banking/,,"fin:ca-sch1,",
Vancity Community Investment Bank,https://www.vancitycommunityinvestmentbank.ca/,,"fin:ca-sch1,",
VersaBank,https://www.versabank.com/,,"fin:ca-sch1,",
Wealth One Bank of Canada,https://www.wealthonebankofcanada.com/Personal/,,"fin:ca-sch1,",
Amex Bank of Canada,https://www.americanexpress.com/canada/,,"fin:ca-sch1,",
Bank Of China (Canada),http://www.bankofchina.com/ca/en/,,"fin:ca-sch1,",
Citibank Canada,https://www.citigroup.com/canada/en/,,"fin:ca-sch1,",
Habib Canadian Bank,https://www.habibcanadian.com/,,"fin:ca-sch1,",
ICICI Bank Canada,https://www.icicibank.ca/,,"fin:ca-sch1,",
Industrial and Commercial Bank of China (Canada),https://www.icbk.ca/EN_new/default.htm,,"fin:ca-sch1,",
J.P. Morgan Bank Canada,https://www.jpmorgan.com/CA/en/about-us,,"fin:ca-sch1,",
KEB Hana Bank Canada,https://hanabank.ca/,,"fin:ca-sch1,",
SBI Canada Bank,https://ca.statebank/home,,"fin:ca-sch1,",
Shinhan Bank Canada,https://www.shinhan.ca/,,"fin:ca-sch1,",
UBS Bank (Canada),https://www.ubs.com/ca/en.html,,"fin:ca-sch1,",
Beem Credit Union,https://www.gulfandfraser.com/,,"fin:ca-cu-bc,",
Bulkley Valley Credit Union,https://www.bvcu.com/,,"fin:ca-cu-bc,",
Cascadia Credit Union,https://www.cascadiacu.com/,,"fin:ca-cu-bc,",
Central 1 Credit Union,http://www.central1.com/,,"fin:ca-cu-bc,",
Coastal Community Credit Union,https://www.cccu.ca/,,"fin:ca-cu-bc,",
Columbia Valley Credit Union,https://www.cvcu.bc.ca/,,"fin:ca-cu-bc,",
Community Savings Credit Union,https://www.comsavings.com/,,"fin:ca-cu-bc,",
Creston & District Credit Union,https://www.cdcu.com/,,"fin:ca-cu-bc,",
First Credit Union,https://www.firstcu.ca/,,"fin:ca-cu-bc,",
First West Credit Union,https://www.firstwestcu.ca/,,"fin:ca-cu-bc,",
Greater Vancouver Community Credit Union,https://www.gvccu.com/,,"fin:ca-cu-bc,",
Integris Credit Union,https://www.integriscu.ca/,,"fin:ca-cu-bc,",
Khalsa Credit Union,https://www.khalsacreditunion.ca/,,"fin:ca-cu-bc,",
Kootenay Savings Credit Union,https://www.kscu.com/,,"fin:ca-cu-bc,",
Ladysmith & District Credit Union,https://www.ldcu.ca/,,"fin:ca-cu-bc,",
Lake View Credit Union,https://lakeviewcreditunion.com/,,"fin:ca-cu-bc,",
Nelson & District Credit Union,https://www.nelsoncu.com/,,"fin:ca-cu-bc,",
Northern Savings Credit Union,https://www.northsave.com/,,"fin:ca-cu-bc,",
Prospera Credit Union,https://www.prospera.ca/,,"fin:ca-cu-bc,",
Salmon Arm Savings and Credit Union,https://www.sascu.com/,,"fin:ca-cu-bc,",
Sharons Credit Union,http://sharons.ca/eng,,"fin:ca-cu-bc,",
Stabilization Central Credit Union of British Columbia,https://www.stabil.com/,,"fin:ca-cu-bc,",
StellerVista Credit Union,https://www.ekccu.com/,,"fin:ca-cu-bc,",
Sunshine Coast Credit Union,https://www.sunshineccu.com/,,"fin:ca-cu-bc,",
Vancouver City Savings Credit Union,https://www.vancity.com/,,"fin:ca-cu-bc,",
Vancouver Firefighters' Credit Union,https://vanfirecu.com/,,"fin:ca-cu-bc,",
VantageOne Credit Union,https://www.vantageone.net/,,"fin:ca-cu-bc,",
Williams Lake and District Credit Union,https://www.wldcu.com/,,"fin:ca-cu-bc,",
Accent Credit Union,http://www.accentcu.ca/,,"fin:ca-cu-sk,",
Affinity Credit Union,http://www.affinitycu.ca/,,"fin:ca-cu-sk,",
Bengough Credit Union,https://www.bengoughcu.ca/,,"fin:ca-cu-sk,",
Biggar & District Credit Union,http://www.biggarcu.com/,,"fin:ca-cu-sk,",
Bruno Savings & Credit Union,http://www.brunocu.com/,,"fin:ca-cu-sk,",
Churchbridge Credit Union,http://www.churchbridgecu.ca/,,"fin:ca-cu-sk,",
Conexus Credit Union,http://www.conexus.ca/,,"fin:ca-cu-sk,",
Cornerstone Credit Union,https://www.cornerstonecu.com/,,"fin:ca-cu-sk,",
Crossroads Credit Union,http://www.crossroadscu.ca/,,"fin:ca-cu-sk,",
Dodsland and District Credit Union,http://www.dodslandcreditunion.com/,,"fin:ca-cu-sk,",
Edam Credit Union,https://www.edamcu.ca/,,"fin:ca-cu-sk,",
Foam Lake Credit Union,http://www.foamlakecu.com/,,"fin:ca-cu-sk,",
Innovation Federal Credit Union,http://www.innovationcu.ca/,,"fin:ca-cu-sk,",
Kerrobert Credit Union,http://www.kerrobertcreditunion.ca/,,"fin:ca-cu-sk,",
Lafleche Credit Union,http://www.laflechecu.com/,,"fin:ca-cu-sk,",
Luseland Credit Union,http://www.luselandcu.ca/,,"fin:ca-cu-sk,",
North Valley Credit Union,https://northvalleycu.com/,,"fin:ca-cu-sk,",
Prairie Pride Credit Union,http://www.prairiepridecu.com/,,"fin:ca-cu-sk,",
Prosperity Credit Union,https://drivingruralprosperity.ca/,,"fin:ca-cu-sk,",
Radius Credit Union,http://www.radiuscu.com/,,"fin:ca-cu-sk,",
Raymore Credit Union,http://www.raymorecu.com/,,"fin:ca-cu-sk,",
Rockglen-Killdeer Credit Union,http://www.rockglenkilldeercu.ca/,,"fin:ca-cu-sk,",
Sandhills Credit Union,http://www.sandhillscu.com/,,"fin:ca-cu-sk,",
Saskatoon City Employees Credit Union,http://www.scecu.com/,,"fin:ca-cu-sk,",
St. Gregor Credit Union,http://www.stgregorcu.com/,,"fin:ca-cu-sk,",
Stoughton Credit Union,http://www.stoughtoncu.com/,,"fin:ca-cu-sk,",
Synergy Credit Union,https://www.synergycu.ca/en,,"fin:ca-cu-sk,",
TCU Financial Group,http://www.tcufinancialgroup.com/,,"fin:ca-cu-sk,",
Turtleford Credit Union,https://www.turtlefordcu.ca/,,"fin:ca-cu-sk,",
Unity Credit Union,http://www.unitycu.ca/,,"fin:ca-cu-sk,",
Weyburn Credit Union,http://www.weyburncu.ca/,,"fin:ca-cu-sk,",
Adjala Credit Union,http://www.adjalacu.com/,,"fin:ca-cu-on,",
Alterna Savings,https://www.alterna.ca/,,"fin:ca-cu-on,",
Bay Credit Union,http://baycreditunion.com/,,"fin:ca-cu-on,",
BCU Financial,https://bcufinancial.com/,,"fin:ca-cu-on,",
Caisse Alliance,https://www.caissealliance.com/en/,,"fin:ca-cu-on,",
Caisse Desjardins Ontario Credit Union,https://coop.desjardins.com/ca/your-credit-union/ontario/index.jsp,,"fin:ca-cu-on,",
Comtech Fire Credit Union,https://www.comtechcu.com/Personal/,,"fin:ca-cu-on,",
DUCA Financial Services Credit Union Ltd.,https://www.duca.com/,,"fin:ca-cu-on,",
Dundalk District Credit Union,https://www.dundalkcu.ca/,,"fin:ca-cu-on,",
Equity Credit Union,https://equitycu.com/,,"fin:ca-cu-on,",
Finnish Credit Union,http://www.finnishcu.com/,,"fin:ca-cu-on,",
FirstOntario Credit Union,https://www.firstontario.com/,,"fin:ca-cu-on,",
Fort York Community Credit Union,https://fortyork.com/,,"fin:ca-cu-on,",
Frontline Credit Union,https://www.frontlinecu.com/Personal/,,"fin:ca-cu-on,",
Ganaraska Credit Union,https://www.ganaraskacu.com/Personal/,,"fin:ca-cu-on,",
Golden Horseshoe Credit Union,https://ghcu.ca/,,"fin:ca-cu-on,",
Healthcare and Municipal Employees Credit Union (HMECU),https://www.hmecu.com/,,"fin:ca-cu-on,",
IC Savings,https://www.icsavings.ca/,,"fin:ca-cu-on,",
Kawartha Credit Union,https://www.kawarthacu.com/,,"fin:ca-cu-on,",
Kindred Credit Union,https://www.kindredcu.com/,,"fin:ca-cu-on,",
Kingston Community Credit Union,http://www.kccu.ca/,,"fin:ca-cu-on,",
Korean (Toronto) Credit Union,http://www.koreancu.com/,,"fin:ca-cu-on,",
Korean Catholic Church Credit Union,http://kcccu.ca/index.php,,"fin:ca-cu-on,",
L.I.U.N.A. Local 183 Credit Union,https://local183cu.ca/,,"fin:ca-cu-on,",
Libro Credit Union,https://www.libro.ca/,,"fin:ca-cu-on,",
Lighthouse Credit Union,https://lighthousecu.ca/,,"fin:ca-cu-on,",
Luminus Financial Services and Credit Union,https://www.luminusfinancial.com/Personal/,,"fin:ca-cu-on,",
Mainstreet Credit Union,https://www.mainstreetcu.ca/,,"fin:ca-cu-on,",
Meridian,https://www.meridiancu.ca/,,"fin:ca-cu-on,",
Motor City Community Credit Union,https://www.mcccu.com/,,"fin:ca-cu-on,",
Moya Financial Credit Union Limited,https://www.moyafinancial.ca/,,"fin:ca-cu-on,",
Northern Credit Union,https://www.northerncu.com/personal/,,"fin:ca-cu-on,",
Northern Birch Credit Union,https://www.northernbirchcu.com/,,"fin:ca-cu-on,",
Ontario Educational Credit Union,https://www.oecu.on.ca/,,"fin:ca-cu-on,",
Ontario Provincial Police Association Credit Union,https://www.oppacu.com/Personal/,,"fin:ca-cu-on,",
Oshawa Community Credit Union,https://www.oshawacu.com/,,"fin:ca-cu-on,",
Parama Credit Union,https://parama.ca/,,"fin:ca-cu-on,",
Pathwise Credit Union,https://www.pathwise.ca/,,"fin:ca-cu-on,",
PenFinancial Credit Union,https://www.penfinancial.com/Personal/,,"fin:ca-cu-on,",
"Rapport Credit Union, a Division of WFCU",https://www.rapportcu.ca/Personal/,,"fin:ca-cu-on,",
Resurrection Credit Union,https://www.rpcul.com/,,"fin:ca-cu-on,",
Southwest Regional Credit Union,https://www.southwestcu.com/Personal/,,"fin:ca-cu-on,",
St. Stanislaus-St. Casimir’s Polish Parishes Credit Union,https://www.polcu.com/Personal/,,"fin:ca-cu-on,",
Sudbury Credit Union,https://www.sudburycu.com/,,"fin:ca-cu-on,",
Taiwanese-Canadian Toronto Credit Union,http://www.tctcu.com/,,"fin:ca-cu-on,",
Talka Credit Union Limited,https://talka.ca/,,"fin:ca-cu-on,",
Tandia Financial Credit Union,https://www.tandia.com/,,"fin:ca-cu-on,",
The Energy Credit Union,http://www.theenergycu.com/,,"fin:ca-cu-on,",
The Police Credit Union,https://www.tpcu.on.ca/Personal/,,"fin:ca-cu-on,",
Thorold Community Credit Union,http://www.thoroldcu.com/,,"fin:ca-cu-on,",
Ukrainian Credit Union,https://www.ukrainiancu.com/,,"fin:ca-cu-on,",
WFCU Credit Union,https://mywfcu.ca/,,"fin:ca-cu-on,",
Your Credit Union,https://www.yourcu.com/,,"fin:ca-cu-on,",
Your Neighbourhood Credit Union,https://www.yncu.com/,,"fin:ca-cu-on,",
Athabasca University,https://www.athabascau.ca/,,"edu:ca-universities,"
Concordia University of Edmonton,https://concordia.ab.ca/,,"edu:ca-universities,"
King’s University (The),https://www.kingsu.ca/,,"edu:ca-universities,"
MacEwan University,https://www.macewan.ca/,,"edu:ca-universities,"
Mount Royal University,https://www.mtroyal.ca/,,"edu:ca-universities,"
St. Mary’s University,https://www.stmu.ca/,,"edu:ca-universities,"
University of Alberta,https://www.ualberta.ca/,,"edu:ca-universities,"
University of Calgary,https://www.ucalgary.ca/,,"edu:ca-universities,"
University of Lethbridge,https://www.uleth.ca/,,"edu:ca-universities,"
Capilano University,https://www.capilanou.ca/,,"edu:ca-universities,"
Emily Carr University of Art + Design,https://www.ecuad.ca/,,"edu:ca-universities,"
Kwantlen Polytechnic University,https://www.kpu.ca/,,"edu:ca-universities,"
Royal Roads University,https://www.royalroads.ca/,,"edu:ca-universities,"
Simon Fraser University,https://www.sfu.ca/,,"edu:ca-universities,"
Thompson Rivers University,https://www.tru.ca/,,"edu:ca-universities,"
Trinity Western University,https://www.twu.ca/,,"edu:ca-universities,"
University of British Columbia (The),https://www.ubc.ca/,,"edu:ca-universities,"
University of Northern British Columbia,https://www.unbc.ca/,,"edu:ca-universities,"
University of the Fraser Valley,https://www.ufv.ca/,,"edu:ca-universities,"
University of Victoria,https://www.uvic.ca/,,"edu:ca-universities,"
Vancouver Island University,https://www.viu.ca/,,"edu:ca-universities,"
Brandon University,https://www.brandonu.ca/,,"edu:ca-universities,"
Canadian Mennonite University,https://www.cmu.ca/,,"edu:ca-universities,"
St. Paul’s College,https://umanitoba.ca/st-pauls-college/,,"edu:ca-universities,"
Université de Saint-Boniface,https://ustboniface.ca/,,"edu:ca-universities,"
University of Manitoba,https://umanitoba.ca/,,"edu:ca-universities,"
University of Winnipeg (The),https://www.uwinnipeg.ca/,,"edu:ca-universities,"
Mount Allison University,https://www.mta.ca/,,"edu:ca-universities,"
St. Thomas University,https://www.stu.ca/,,"edu:ca-universities,"
Université de Moncton,https://www.umoncton.ca/,,"edu:ca-universities,"
University of New Brunswick,https://www.unb.ca/,,"edu:ca-universities,"
Memorial University of Newfoundland and Labrador,https://www.mun.ca/,,"edu:ca-universities,"
Acadia University,https://www2.acadiau.ca/,,"edu:ca-universities,"
Cape Breton University,https://www.cbu.ca/,,"edu:ca-universities,"
Dalhousie University,https://www.dal.ca/,,"edu:ca-universities,"
Mount Saint Vincent University,https://www.msvu.ca/,,"edu:ca-universities,"
NSCAD University,https://nscad.ca/,,"edu:ca-universities,"
Saint Mary’s University,https://www.smu.ca/,,"edu:ca-universities,"
St. Francis Xavier University,https://www.stfx.ca/,,"edu:ca-universities,"
Université Sainte-Anne,https://www.usainteanne.ca/,,"edu:ca-universities,"
University of King’s College,https://ukings.ca/,,"edu:ca-universities,"
Algoma University,https://algomau.ca/,,"edu:ca-universities,"
Brock University,https://brocku.ca/,,"edu:ca-universities,"
Carleton University,https://carleton.ca/,,"edu:ca-universities,"
Huron University College,https://huronu.ca/,,"edu:ca-universities,"
King’s University College at Western University,https://www.kings.uwo.ca/,,"edu:ca-universities,"
Lakehead University,https://www.lakeheadu.ca/,,"edu:ca-universities,"
Laurentian University,https://laurentian.ca/,,"edu:ca-universities,"
McMaster University,https://www.mcmaster.ca/,,"edu:ca-universities,"
Nipissing University,https://www.nipissingu.ca/,,"edu:ca-universities,"
OCAD University,https://www.ocadu.ca/,,"edu:ca-universities,"
Ontario Tech University,https://ontariotechu.ca/,,"edu:ca-universities,"
Queen’s University,https://www.queensu.ca/,,"edu:ca-universities,"
Redeemer University,https://www.redeemer.ca/,,"edu:ca-universities,"
Royal Military College of Canada,https://www.rmc-cmr.ca/,,"edu:ca-universities,"
St. Jerome’s University,https://www.sju.ca/,,"edu:ca-universities,"
Toronto Metropolitan University,https://www.torontomu.ca/,,"edu:ca-universities,"
Trent University,https://www.trentu.ca/,,"edu:ca-universities,"
University of Guelph,https://www.uoguelph.ca/,,"edu:ca-universities,"
University of Ottawa,https://www.uottawa.ca/,,"edu:ca-universities,"
University of St. Michael’s College,https://stmikes.utoronto.ca/,,"edu:ca-universities,"
University of Sudbury,https://www.usudbury.ca/,,"edu:ca-universities,"
University of Toronto,https://www.utoronto.ca/,,"edu:ca-universities,"
University of Trinity College,https://www.trinity.utoronto.ca/,,"edu:ca-universities,"
University of Waterloo,https://uwaterloo.ca/,,"edu:ca-universities,"
University of Windsor,https://www.uwindsor.ca/,,"edu:ca-universities,"
Victoria University,https://www.vicu.utoronto.ca/,,"edu:ca-universities,"
Western University,https://www.uwo.ca/,,"edu:ca-universities,"
Wilfrid Laurier University,https://www.wlu.ca/,,"edu:ca-universities,"
York University,https://www.yorku.ca/,,"edu:ca-universities,"
University of Prince Edward Island,https://www.upei.ca/,,"edu:ca-universities,"
Bishop’s University,https://www.ubishops.ca/,,"edu:ca-universities,"
Concordia University,https://www.concordia.ca/,,"edu:ca-universities,"
École de technologie supérieure,https://www.etsmtl.ca/,,"edu:ca-universities,"
École nationale d’administration publique,https://www.enap.ca/,,"edu:ca-universities,"
HEC Montréal,https://www.hec.ca/,,"edu:ca-universities,"
Institut national de la recherche scientifique,https://www.inrs.ca/,,"edu:ca-universities,"
McGill University,https://www.mcgill.ca/,,"edu:ca-universities,"
Polytechnique Montréal,https://www.polymtl.ca/,,"edu:ca-universities,"
Université de Montréal,https://www.umontreal.ca/,,"edu:ca-universities,"
Université de Sherbrooke,https://www.usherbrooke.ca/,,"edu:ca-universities,"
Université du Québec,https://www.uquebec.ca/,,"edu:ca-universities,"
Université du Québec à Chicoutimi (UQAC),https://www.uqac.ca/,,"edu:ca-universities,"
Université du Québec à Montréal (UQAM),https://www.uqam.ca/,,"edu:ca-universities,"
Université du Québec à Rimouski (UQAR),https://www.uqar.ca/,,"edu:ca-universities,"
Université du Québec à Trois-Rivières (UQTR),https://www.uqtr.ca/,,"edu:ca-universities,"
Université du Québec en Abitibi-Témiscamingue (UQAT),https://www.uqat.ca/,,"edu:ca-universities,"
Université du Québec en Outaouais,https://www.uqo.ca/,,"edu:ca-universities,"
Université Laval,https://www.ulaval.ca/,,"edu:ca-universities,"
Université TÉLUQ,https://www.teluq.ca/,,"edu:ca-universities,"
Campion College,https://campioncollege.ca/,,"edu:ca-universities,"
First Nations University of Canada,https://www.fnuniv.ca/,,"edu:ca-universities,"
Luther College,https://www.luthercollege.edu/,,"edu:ca-universities,"
St. Thomas More College,https://stmcollege.ca/,,"edu:ca-universities,"
University of Regina,https://www.uregina.ca/,,"edu:ca-universities,"
University of Saskatchewan,https://www.usask.ca/,,"edu:ca-universities,"
Yukon University,https://www.yukonu.ca/,,"edu:ca-universities,"
