British Columbia Provincial Court,https://www.provincialcourt.bc.ca/,,gov:courts-british-columbia-provincial-court,
British Columbia Supreme Court,https://www.bccourts.ca/supreme_court/practice_and_procedure/acts_rules_and_forms/,,gov:courts-british-columbia-supreme-court,
British Columbia Court of Appeal,https://www.bccourts.ca/Court_of_Appeal/,,gov:courts-british-columbia-court-of-appeal,
Alberta Provincial Court,https://albertacourts.ca/pc,,gov:courts-alberta-provincial-court,
Alberta Court of Queen's Bench,https://albertacourts.ca/qb/home,,gov:courts-alberta-court-of-queens-bench,
Alberta Court of Appeal,https://albertacourts.ca/ca/home,,gov:courts-alberta-court-of-appeal,
Saskatchewan Provincial Court,https://sasklawcourts.ca/,,gov:courts-saskatchewan-provincial-court,
Saskatchewan Court of Queen's Bench,https://sasklawcourts.ca/,,gov:courts-saskatchewan-court-of-queens-bench,
Saskatchewan Court of Appeal,https://sasklawcourts.ca/index.php/home/court-of-appeal/rules-practice-directives,,gov:courts-saskatchewan-court-of-appeal,
Manitoba Provincial Court,http://www.manitobacourts.mb.ca/provincial-court/,,gov:courts-manitoba-provincial-court,
Manitoba Court of Queen's Bench,http://www.manitobacourts.mb.ca/court-of-queens-bench/,,gov:courts-manitoba-court-of-queens-bench,
Manitoba Court of Appeal,http://www.manitobacourts.mb.ca/court-of-appeal/,,gov:courts-manitoba-court-of-appeal,
Ontario Court of Justice,https://www.ontariocourts.ca/ocj/criminal-rules/,,gov:courts-ontario-court-of-justice,
Ontario Superior Court of Justice,https://www.ontariocourts.ca/scj/practice/practice-directions/criminal/,,gov:courts-ontario-superior-court-of-justice,
Ontario Court of Appeal,https://www.ontariocourts.ca/coa/criminal-appeal-rules/,,gov:courts-ontario-court-of-appeal,
Quebec Court of Quebec,http://www.tribunaux.qc.ca/mjq_en/c-quebec/index-cq.html,,gov:courts-quebec-court-of-quebec,
Quebec Superior Court,http://www.tribunaux.qc.ca/mjq_en/c-superieure/index-cs.html,,gov:courts-quebec-superior-court,
Quebec Court of Appeal,https://courdappelduquebec.ca/index.php?id=1&amp,L=1,,gov:courts-quebec-court-of-appeal
Quebec Municipal Courts,https://www.justice.gouv.qc.ca/en/judicial-system/courts-and-tribunals-of-quebec/municipal-courts,,gov:courts-quebec-municipal-courts,
Prince Edward Island Provincial Court,https://www.courts.pe.ca/provincial-court,,gov:courts-prince-edward-island-provincial-court,
Prince Edward Island Supreme Court,https://www.courts.pe.ca/supreme-court,,gov:courts-prince-edward-island-supreme-court,
Prince Edward Island Court of Appeal,https://www.courts.pe.ca/court-of-appeal,,gov:courts-prince-edward-island-court-of-appeal,
New Brunswick Provincial Court,https://www.courtsnb-coursnb.ca/content/cour/en/provincial.html,,gov:courts-new-brunswick-provincial-court,
New Brunswick Court of Queen's Bench,https://www.courtsnb-coursnb.ca/content/cour/en/queens-bench.html,,gov:courts-new-brunswick-court-of-queens-bench,
New Brunswick Court of Appeal,https://www.courtsnb-coursnb.ca/content/cour/en/appeal.html,,gov:courts-new-brunswick-court-of-appeal,
Nova Scotia Provincial Court,https://courts.ns.ca/Provincial_Court/NSPC_criminal_rules_forms.htm,,gov:courts-nova-scotia-provincial-court,
Nova Scotia Supreme Court,https://courts.ns.ca/Supreme_Court/NSSC_home.htm,,gov:courts-nova-scotia-supreme-court,
Nova Scotia Court of Appeal,https://www.courts.ns.ca/Appeal_Court/NSCA_home.htm,,gov:courts-nova-scotia-court-of-appeal,
 Labrador Provincial Court,https://court.nl.ca/provincial/,,gov:courts-newfoundland-and-amp-labrador-provincial-court,
 Labrador Supreme Court,https://www.court.nl.ca/supreme/,,gov:courts-newfoundland-and-amp-labrador-supreme-court,
 Labrador Court of Appeal,https://www.court.nl.ca/appeal/,,gov:courts-newfoundland-and-amp-labrador-court-of-appeal,
Nunavut Court of Justice,http://www.nunavutcourts.ca/index.php/nunavut-court-of-justice,,gov:courts-nunavut-court-of-justice,
Nunavut Court of Appeal,http://www.nunavutcourts.ca/nunavut-court-of-appeal,,gov:courts-nunavut-court-of-appeal,
Northwest Territories Territorial Court,https://www.nwtcourts.ca/en/courts/territorial-court/,,gov:courts-northwest-territories-territorial-court,
Northwest Territories Supreme Court,https://www.nwtcourts.ca/en/courts/supreme-court/,,gov:courts-northwest-territories-supreme-court,
Northwest Territories Court of Appeal,https://www.nwtcourts.ca/en/courts/court-of-appeal/,,gov:courts-northwest-territories-court-of-appeal,
Yukon Territorial Court,http://www.yukoncourts.ca/courts/territorial.html,,gov:courts-yukon-territorial-court,
Yukon Supreme Court,http://www.yukoncourts.ca/courts/supreme.html,,gov:courts-yukon-supreme-court,
Yukon Court of Appeal,http://www.yukoncourts.ca/courts/appeal.html,,gov:courts-yukon-court-of-appeal,
